product_url,rxcui_sbd,similarity_sbd
https://www.costplusdrugs.com/medications/dexamethasone-1_5mg-6-day-dose-pack-21-dexpak/,343040,0.9018669341633208
https://www.costplusdrugs.com/medications/budesonide-formoterol-fumarate-80-4_5mcg-act-aerosol-inhaler-10_2-symbicort/,2597673,0.8519736964442889
https://www.costplusdrugs.com/medications/lamotrigine-starter-kit-blue-35-x-25mg-blue-kit-35-lamictal/,105019,0.9759219925896209
https://www.costplusdrugs.com/medications/darifenacin-hydrobromide-er-7_5mg-bottle-of-extended-release-tablets-30-enablex/,543027,0.9076323768342487
https://www.costplusdrugs.com/medications/cevimeline-hcl-30mg-bottle-of-capsules-100-evoxac/,261361,0.9180127278950951
https://www.costplusdrugs.com/medications/anagrelide-hcl-1mg-bottle-of-capsules-100-agrylin/,597857,0.8953501244902397
https://www.costplusdrugs.com/medications/atazanavir-sulfate-300mg-bottle-of-capsules-30-reyataz/,664743,0.9585638147209445
https://www.costplusdrugs.com/medications/bexarotene-75mg-bottle-of-capsules-100-targretin/,261349,0.9353435361498623
https://www.costplusdrugs.com/medications/fingolimod-hcl-0_5mg-bottle-of-30-capsules/,1012899,0.9354370605410487
https://www.costplusdrugs.com/medications/efavirenz-600mg-bottle-of-tablets-30-sustiva/,213390,0.8987829920296133
https://www.costplusdrugs.com/medications/dantrolene-sodium-50mg-bottle-of-capsules-100-dantrium/,856658,0.8781234630732733
https://www.costplusdrugs.com/medications/ammonium-lactate-12-bottle-of-cream-385-lac-hydrin/,205643,0.8824569121705769
https://www.costplusdrugs.com/medications/dimethyl-fumarate-240mg-bottle-of-capsules/,1373489,0.7708338746844523
https://www.costplusdrugs.com/medications/diphenhydramine-hcl-12_5-mg_5ml-bottle-of-elixir-473/,1049908,0.8656446692258051
https://www.costplusdrugs.com/medications/theophylline-80mg-15ml-bottle-of-elixir-473-elixophyllin/,756226,0.8824695753334859
https://www.costplusdrugs.com/medications/aspirin-dipyridamole-er-25-200mg-bottle-of-extended-release-capsules-60-aggrenox/,1665362,0.8335924269147503
https://www.costplusdrugs.com/medications/timolol-maleate-0_50-bottle-of-gel-5-timoptic-xe/,1923429,0.9187240622464506
https://www.costplusdrugs.com/medications/desonide-0_05-tube-of-ointment-60-desowen/,205530,0.919074386550234
https://www.costplusdrugs.com/medications/malathion-0_50-bottle-of-lotion-59-ovide/,261249,0.880517027188328
https://www.costplusdrugs.com/medications/flurandrenolide-0_05-bottle-of-lotion-120-cordran/,205610,0.923465412085648
https://www.costplusdrugs.com/medications/seleniumsulfide-2_5-lotion/,1436945,0.7932588108147085
https://www.costplusdrugs.com/medications/metronidazole-0_75-bottle-of-lotion-59-metrolotion/,261119,0.9105034432254765
https://www.costplusdrugs.com/medications/fluocinolone-acetonide-scalp-0_01-bottle-of-oil-118_28-derma-smoothe-fs-scalp/,1191309,0.869052059393177
https://www.costplusdrugs.com/medications/timolol-maleate-0_50-solution-dropper-5-timoptic/,1923429,0.9187240622464506
https://www.costplusdrugs.com/medications/dorzolamidehcltimololmaleate-22_3-6_8mg_ml-solution/,1923433,0.8839657191568728
https://www.costplusdrugs.com/medications/travoprost-bak-free-0_004-solution-dropper-5-travatan-z/,285032,0.94835483005181
https://www.costplusdrugs.com/medications/ofloxacin-0_003-solution-5ml/,207202,0.9505112900346134
https://www.costplusdrugs.com/medications/dorzolamidehcl-0_02-solution/,151100,0.8888214230713437
https://www.costplusdrugs.com/medications/moxifloxacinhcl-0_5-ophthalmicsolution/,404473,0.9215475507181332
https://www.costplusdrugs.com/medications/brimonidine-tartrate-timolol-0_2-0_5-15ml-bottle-of-solution/,861637,0.9039335736923038
https://www.costplusdrugs.com/medications/bimatoprost-0_03-solution-dropper-2_5-lumigan/,1009341,0.8972299761059161
https://www.costplusdrugs.com/medications/brinzolamide-1-suspension-dropper-15-azopt/,213272,0.8678514432884606
https://www.costplusdrugs.com/medications/atovaquone-750mg_5ml-210ml-bottle-of-suspension/,211947,0.9040795063024759
https://www.costplusdrugs.com/medications/OfloxacinOtic-0_003-Solution/,876425,0.9480950437885272
https://www.costplusdrugs.com/medications/sodium-polystyrene-sulfonate-60meq-bottle-of-powder-15-kayexalate/,1799654,0.7857531465618159
https://www.costplusdrugs.com/medications/enalapril-maleate-1mg-ml-bottle-of-solution-150-epaned/,1435630,0.9140527645447792
https://www.costplusdrugs.com/medications/moxifloxacin-hcl-2x-day-0_50-bottle-of-solution-3-moxeza/,404473,0.9105716394804368
https://www.costplusdrugs.com/medications/chlorhexidine-gluconate-0_12-bottle-of-solution-473-peridex/,848755,0.848174530644874
https://www.costplusdrugs.com/medications/erythromycin-2-bottle-of-solution-60-a-t-s/,206228,0.8954963094919117
https://www.costplusdrugs.com/medications/calcipotriene-0_01-tube-of-ointment-60-dovonex/,1013636,0.8982118055030677
https://www.costplusdrugs.com/medications/lactulose-10g-15ml-bottle-of-solution-473-duphalac/,1251192,0.8696085970949619
https://www.costplusdrugs.com/medications/glycopyrrolate-1mg-5ml-bottle-of-solution-473-cuvposa/,2371718,0.8353391683575593
https://www.costplusdrugs.com/medications/pilocarpine-hcl-4-bottle-of-solution-15-isopto-carpine/,1000907,0.8922697552932963
https://www.costplusdrugs.com/medications/clobetasol-propionate-0_05-solution-4-cormax-scalp-application/,861492,0.853584232767333
https://www.costplusdrugs.com/medications/diclofenac-sodium-2-bottle-of-solution-112-pennsaid/,1487076,0.8851956385778283
https://www.costplusdrugs.com/medications/podofilox-0_50-bottle-of-solution-3_5-condylox/,351750,0.8680951509017916
https://www.costplusdrugs.com/medications/metformin-hcl-500mg-5ml-bottle-of-solution-473-riomet/,861008,0.8580655589687095
https://www.costplusdrugs.com/medications/posaconazole-dr-100mg-tablet/,1482912,0.8970855214557392
https://www.costplusdrugs.com/medications/sulfacetamide-sodium-10-bottle-of-solution-15-bleph-10/,1006122,0.883245409060753
https://www.costplusdrugs.com/medications/cyclosporine-modified-100mg-ml-bottle-of-solution-50-neoral/,835892,0.9091986355303158
https://www.costplusdrugs.com/medications/nortriptyline-hcl-10mg-5ml-bottle-of-solution-473-aventyl/,209329,0.8458975756745286
https://www.costplusdrugs.com/medications/bimatoprost-0_03-bottle-of-solution-5-latisse/,1009341,0.8972299761059161
https://www.costplusdrugs.com/medications/clindamycinphosphate-1-lotion/,804973,0.8895939408696382
https://www.costplusdrugs.com/medications/calcipotriene-betameth-diprop-0_005-0_064-tube-of-ointment-60-taclonex/,1013636,0.8578176930071753
https://www.costplusdrugs.com/medications/sulfamethoxazole-trimethoprim-200-40mg-5ml-bottle-of-suspension-473-sulfatrim/,208406,0.9250994358508554
https://www.costplusdrugs.com/medications/nitrofurantoin-25mg-5ml-bottle-of-suspension-230-furadantin/,207790,0.9328876615014297
https://www.costplusdrugs.com/medications/diazoxide-50mg-ml-bottle-of-suspension-30-proglycem/,207634,0.8925136525455544
https://www.costplusdrugs.com/medications/spironolactone-25mg-5ml-bottle-of-suspension-118-carospir/,1943345,0.8714428211220466
https://www.costplusdrugs.com/medications/invokana-300mg-tablet-90/,1373473,0.931251573793393
https://www.costplusdrugs.com/medications/brenzavvy-20mg/,2637865,0.9283168488006543
https://www.costplusdrugs.com/medications/nitroglycerin-sl-0_6mg-bottle-of-tablets/,207361,0.9408664934745768
https://www.costplusdrugs.com/medications/invokamet-50-500mg-tablet/,1545166,0.9294031948018394
https://www.costplusdrugs.com/medications/gefitinib-250mg-bottle-of-tablets-30-iressa/,402091,0.8665359985388874
https://www.costplusdrugs.com/medications/tavaborole-5-10ml-bottle-of-solution/,1543182,0.8396942686780378
https://www.costplusdrugs.com/medications/bismuth-subcitrate-potassium-metronidazole-tetracycline-140-125-125-mg-box-120-pylera/,1294621,0.887244867504137
https://www.costplusdrugs.com/medications/hadlima-pushtouch-adalimumab-bwwd-40mg-0_8ml-box-of-2-auto-injectors-1_6/,2640422,0.8865829620814493
https://www.costplusdrugs.com/medications/tiotropium-bromide-inhalation-powder-18mcg-30-capsules/,580261,0.8626523053098454
https://www.costplusdrugs.com/medications/duavee-0_45-20mg-30-tablets/,1441740,0.8882030009692135
https://www.costplusdrugs.com/medications/budesonide-0_5mg_2ml-inhalation-suspension-60ml/,616819,0.9058039108550263
https://www.costplusdrugs.com/medications/cyclosporine-0_05-box-of-60-vials-emulsion/,402092,0.8887689520536891
https://www.costplusdrugs.com/medications/estradioltwiceweekly-0_075mg-patch8pack/,581549,0.8323013842266084
https://www.costplusdrugs.com/medications/estradioltwiceweekly-0_1mg-patch8pack/,890918,0.8419494366182312
https://www.costplusdrugs.com/medications/estradiol-(twice-weekly)-0_1-mg_24hr-patch-8-lyllana/,890918,0.8349974916620367
https://www.costplusdrugs.com/medications/sumatriptan-succinate-6mg-0_5ml-solution-auto-injector-kit-0_5-imitrex-statdose-system/,1738581,0.8919438316570447
https://www.costplusdrugs.com/medications/lidocaine-hcl-2-box-of-prefilled-syringes-6-glydo/,1010902,0.8707758245409254
https://www.costplusdrugs.com/medications/ketoconazole-2-can-of-foam-50-extina/,1300272,0.9046964469679988
https://www.costplusdrugs.com/medications/betamethasone-valerate-0_12-can-of-foam-50-luxiq/,1244636,0.8689673441537479
https://www.costplusdrugs.com/medications/clindamycin-phosphate-1-can-of-foam-50-evoclin/,2621717,0.9173759345720773
https://www.costplusdrugs.com/medications/cholestyramine-4gm-dose-can-of-powder-378-questran/,848949,0.8102167409274595
https://www.costplusdrugs.com/medications/cholestyramine-light-4gm-dose-can-of-powder-239_4-prevalite/,848951,0.8002089443245368
https://www.costplusdrugs.com/medications/tolmetin-sodium-400mg-capsule-tolectin-ds/,208048,0.8610916302317588
https://www.costplusdrugs.com/medications/tamsulosin-0_4mg-capsule/,863671,0.8980899163337797
https://www.costplusdrugs.com/medications/disopyramide-phosphate-150mg-capsule-norpace/,209692,0.9385061736305746
https://www.costplusdrugs.com/medications/balsalazide-disodium-750mg-capsule-colazal/,885859,0.9343487953306377
https://www.costplusdrugs.com/medications/loperamide-hcl-2mg-capsule/,978009,0.9204617563582179
https://www.costplusdrugs.com/medications/nitrofurantoin-mono_macro-100mg-capsule/,201883,0.9111636353018522
https://www.costplusdrugs.com/medications/rifabutin-150mg-capsule-mycobutin/,103899,0.9538723134810867
https://www.costplusdrugs.com/medications/nifedipine-20mg-capsule-adalat/,207779,0.8490338237739377
https://www.costplusdrugs.com/medications/DoxycyclineMonohydrate-100mg-Capsule/,1101055,0.9292146381977064
https://www.costplusdrugs.com/medications/dutasteride-0_5mg-capsule-avodart/,352118,0.9281701064700781
https://www.costplusdrugs.com/medications/dofetilide-500mcg-capsule/,285016,0.8812350227654544
https://www.costplusdrugs.com/medications/Ergocalciferol-1_25mg-Capsule/,1367416,0.9206415191990414
https://www.costplusdrugs.com/medications/esomeprazole-magnesium-40mg-suspension-packet-nexium/,606731,0.9250953492364056
https://www.costplusdrugs.com/medications/fluoxetinehcl-20mg_5ml-milliliters/,104849,0.9138970030387648
https://www.costplusdrugs.com/medications/paroxetine-mesylate-7_5mg-capsule-brisdelle/,1430128,0.8855128673244739
https://www.costplusdrugs.com/medications/acitretin-25mg-capsule-soriatane/,1547563,0.8728070990641335
https://www.costplusdrugs.com/medications/icosapent-ethyl-1g-capsule/,1304985,0.8509164134600049
https://www.costplusdrugs.com/medications/calcitriol-1mcg-ml-solution-dropper-15-rocaltrol/,261283,0.8605076598337525
https://www.costplusdrugs.com/medications/clindamycin-phosphate-2-tube-of-cream-40-cleocin/,2621717,0.875669152764903
https://www.costplusdrugs.com/medications/tasimelteon-20mg-capsule-hetlioz/,1491624,0.9391686024734083
https://www.costplusdrugs.com/medications/cefixime-400mg-capsule-suprax/,1372999,0.9473167486073522
https://www.costplusdrugs.com/medications/diclofenac-potassium-25mg-capsule-zipsor/,858346,0.9263121329470914
https://www.costplusdrugs.com/medications/zidovudine-50mg-5ml-bottle-of-syrup-240-retrovir/,201907,0.9224853224478895
https://www.costplusdrugs.com/medications/triamterene&hydrochlorothiazide-37_5-25mg-capsule/,208124,0.9397882815609655
https://www.costplusdrugs.com/medications/calciumacetate-667mg-capsule/,645216,0.8683932150153666
https://www.costplusdrugs.com/medications/itraconazole-10mg-ml-bottle-of-solution-150-sporanox/,833164,0.875476947564301
https://www.costplusdrugs.com/medications/silodosin-8mg-capsule-rapaflo/,809481,0.9133093225517532
https://www.costplusdrugs.com/medications/lubiprostone-8mcg-capsule-amitiza/,794641,0.8736068572059339
https://www.costplusdrugs.com/medications/quinine-sulfate-324mg-capsule-qualaquin/,997012,0.9199899321449965
https://www.costplusdrugs.com/medications/nimodipine-30mg-capsule-nimotop/,207779,0.91482691187871
https://www.costplusdrugs.com/medications/omega3acidethylesters-1gm-capsule/,607044,0.8759690587562343
https://www.costplusdrugs.com/medications/dutasteride-tamsulosin-hcl-0_5-0_4mg-capsule-jalyn/,996101,0.9211531374398384
https://www.costplusdrugs.com/medications/dabigatran-etexilate-mesylate-75mg-bottle-of-capsules-60-pradaxa/,1037181,0.9512917853631186
https://www.costplusdrugs.com/medications/fluvastatin-sodium-40mg-capsule-lescol/,103919,0.9323645146121753
https://www.costplusdrugs.com/medications/nicardipine-hcl-30mg-capsule-cardene/,207779,0.8790503799016247
https://www.costplusdrugs.com/medications/omeprazole-sodium-bicarbonate-40mg-1100mg-capsule/,646352,0.8924067470322901
https://www.costplusdrugs.com/medications/piroxicam-20mg-capsule-feldene/,105930,0.9101963668815058
https://www.costplusdrugs.com/medications/ethosuximide-250mg-5ml-bottle-of-solution-473-zarontin/,755357,0.8029092351023608
https://www.costplusdrugs.com/medications/paricalcitol-2mcg-capsule-zemplar/,606859,0.858530923480192
https://www.costplusdrugs.com/medications/mesalamine-400mg-capsule-delayed-release-delzicol/,1368960,0.9295456463121207
https://www.costplusdrugs.com/medications/dexlansoprazole-60mg-capsule-delayed-release-dexilant/,902626,0.9568435238204194
https://www.costplusdrugs.com/medications/topiramate-er-50mg-capsule-extended-release-sprinkle-qudexy-xr/,151227,0.9136587020782944
https://www.costplusdrugs.com/medications/propafenone-hcl-er-425mg-capsule-extended-release-rythmol-sr/,861173,0.9011347216772649
https://www.costplusdrugs.com/medications/diltiazem-hcl-er-240mg-capsule-extended-release-diltia-xt/,831285,0.9541794790387057
https://www.costplusdrugs.com/medications/diltiazem-hcl-er-coated-beads-300mg-capsule-extended-release-cartia-xt/,833705,0.9202867904267673
https://www.costplusdrugs.com/medications/verapamil-hcl-er-300mg-capsule-extended-release-verelan-pm/,897598,0.9285584800723293
https://www.costplusdrugs.com/medications/carbamazepine-er-300mg-capsule-extended-release-carbatrol/,313931,0.8999131769743071
https://www.costplusdrugs.com/medications/verapamil-hcl-er-360mg-capsule-extended-release-verelan/,897632,0.9252225623156907
https://www.costplusdrugs.com/medications/fluvoxamine-maleate-er-150mg-capsule-extended-release-luvox-cr/,729931,0.8255710969507613
https://www.costplusdrugs.com/medications/diltiazem-hcl-extended-release-er-240mg-capsule/,831285,0.9446107009114382
https://www.costplusdrugs.com/medications/galantamine-hydrobromide-er-8mg-capsule-extended-release-razadyne-er/,860717,0.8842199286235487
https://www.costplusdrugs.com/medications/ketoprofen-200-mg-capsule-extended-release-24-hour/,2673864,0.8681828208979689
https://www.costplusdrugs.com/medications/tobramycin-300mg-5ml-carton-of-ampules-5-tobi/,213194,0.9260682270617262
https://www.costplusdrugs.com/medications/tobramycin-300mg-4ml-carton-of-ampules-56-bethkis/,213194,0.9223569530885837
https://www.costplusdrugs.com/medications/budesonide-1mg-2ml-carton-of-ampules-30-pulmicort/,616830,0.8568716803214025
https://www.costplusdrugs.com/medications/nicotine-polacrilex-4mg-carton-of-gum-110-nicorette/,105071,0.8502586046116218
https://www.costplusdrugs.com/medications/nicotine-polacrilex-4-mg-carton-of-lozenges-27/,968851,0.7944904244926707
https://www.costplusdrugs.com/medications/naloxone-hcl-4mg-0_1ml-carton-of-nasal-spray-2-narcan/,1725064,0.9250965489062248
https://www.costplusdrugs.com/medications/nicotine-td-7mg-carton-of-patches-24hr-14-habitrol-nicoderm-cq/,351429,0.7737400338312017
https://www.costplusdrugs.com/medications/dorzolamide-hcl-timolol-mal-pf-2-0_5-carton-of-solution-60-cosopt-pf/,1923433,0.8757244682623087
https://www.costplusdrugs.com/medications/tafluprost-pf-0_0015-carton-of-solution-containers-10-zioptan/,1244616,0.9082183719870119
https://www.costplusdrugs.com/medications/timolol-maleate-ocudose-0_50-carton-of-solution-dropper-60-timoptic-ocudose/,1923429,0.9187240622464506
https://www.costplusdrugs.com/medications/formoterol-fumarate-20mcg-2ml-carton-of-solution-vials-2-perforomist/,1246321,0.8837884960982896
https://www.costplusdrugs.com/medications/cromolyn-sodium-20mg-2ml-carton-of-solution-vials-2-intal/,1797853,0.7995283367814207
https://www.costplusdrugs.com/medications/asenapine-maleate-5mg-carton-of-sublingual-tablets-60-saphris/,859983,0.9347398349601996
https://www.costplusdrugs.com/medications/clomid-50mg-30-tablets/,1093073,0.9345645060106462
https://www.costplusdrugs.com/medications/estradiol-0_1mg-carton-of-weekly-patches-4-climara/,890918,0.827863875966242
https://www.costplusdrugs.com/medications/sodium-fluoride-2_2mg-1mg-fluoride-chewable-tablet/,861728,0.9358322457910027
https://www.costplusdrugs.com/medications/hydrocortisone-0_01-cream/,206314,0.9206454139039252
https://www.costplusdrugs.com/medications/Permethrin-0_05-Cream/,207485,0.8509309832948462
https://www.costplusdrugs.com/medications/lidocaineprilocaine-2_5-2_5-cream/,1656327,0.8777989685541021
https://www.costplusdrugs.com/medications/betamethasonedipropionate-0_05_cream/,213541,0.9042187554361729
https://www.costplusdrugs.com/medications/Clotrimazole-0_01-Cream/,2685228,0.9103643637178068
https://www.costplusdrugs.com/medications/econazole-nitrate-1-cream-85g/,1442590,0.8489025220362069
https://www.costplusdrugs.com/medications/Ketoconazole-0_02-Cream/,604651,0.8923815806265828
https://www.costplusdrugs.com/medications/estradiol-0_01-tubeofcream42_5g/,890918,0.9229422325539473
https://www.costplusdrugs.com/medications/imiquimod-5-cream/,226734,0.8750606303609534
https://www.costplusdrugs.com/medications/imiquimod-pump-3_75-cream-pump-7_5-zyclara/,967021,0.8945823888658585
https://www.costplusdrugs.com/medications/budesonide-dr-3mg-capsule/,2587889,0.8743923125934916
https://www.costplusdrugs.com/medications/LansoprazoleDR-30mg-Capsule/,206206,0.939482140739584
https://www.costplusdrugs.com/medications/omeprazoledelayedreleasedr-40mg-capsule/,213295,0.9482744448419065
https://www.costplusdrugs.com/medications/duloxetinedelayedreleasedr-60mg-capsule/,1652069,0.8733747756422832
https://www.costplusdrugs.com/medications/lansoprazole-delayed-release-dr-30mg-orally-disintegrating-tablet/,866152,0.882323686422719
https://www.costplusdrugs.com/medications/DivalproexSodium-500mg-Tablet/,1099871,0.9430548911543588
https://www.costplusdrugs.com/medications/pantoprazole-sodium-40mg-packet-protonix/,284400,0.9165787075615452
https://www.costplusdrugs.com/medications/mycophenolate-sodium-delayed-release-360mg-tablet/,616449,0.9294277120933372
https://www.costplusdrugs.com/medications/mesalamine-dr-1_2gm-tablet/,686433,0.8856358377275495
https://www.costplusdrugs.com/medications/fluocinolone-acetonide-0_01-ear-dropper-20-dermotic/,1191301,0.9684009646510434
https://www.costplusdrugs.com/medications/ciprofloxacin-dexamethasone-0_3-0_1-ear-dropper-7_5-ciprodex/,404630,0.9363405157936511
https://www.costplusdrugs.com/medications/naproxen-ec-500mg-ec-tablet-delayed-release-ec-naprosyn/,835560,0.9420150837322253
https://www.costplusdrugs.com/medications/difluprednate-0_05-emulsion-dropper-5-durezol/,804547,0.9062414303194681
https://www.costplusdrugs.com/medications/hydrocortisone-100mg-60ml-enema-60-cortenema/,102250,0.9045672918427222
https://www.costplusdrugs.com/medications/memantineextendedreleaseer-7mg-capsule/,996617,0.8882756419640951
https://www.costplusdrugs.com/medications/mesalamineextendedreleaseer-375mg-capsule/,825134,0.8721801497364572
https://www.costplusdrugs.com/medications/propranololhclextendedreleaseer-80mg-capsule/,856576,0.8980764491431439
https://www.costplusdrugs.com/medications/tolterodinetartrateer-4mg-capsule/,855191,0.868358035057758
https://www.costplusdrugs.com/medications/cyclobenzaprineextendedreleaseer-30mg-capsule/,828355,0.8667368325050462
https://www.costplusdrugs.com/medications/potassiumchlorideextendedreleaseer-8meq-capsule/,1658300,0.8923047456899524
https://www.costplusdrugs.com/medications/paliperidone-er-9mg-tablet/,686445,0.8958595787163053
https://www.costplusdrugs.com/medications/potassium-chloride-er-8-meq-tablet/,832718,0.9358090125901284
https://www.costplusdrugs.com/medications/amoxicillin-pot-clavulanate-er-1000-62_5mg-extended-release-tablet-augmentin-xr/,861689,0.8880820585492422
https://www.costplusdrugs.com/medications/GuanfacineHClER-4mg-Tablet/,862027,0.893557229241693
https://www.costplusdrugs.com/medications/quetiapinefumarateextendedreleaseer-400mg-tablet/,616485,0.899054291896207
https://www.costplusdrugs.com/medications/paroxetine-extended-release-er-12_5mg-tablet/,1738804,0.8922605880599146
https://www.costplusdrugs.com/medications/clobetasol-propionate-0_0005-foam/,861355,0.9218243848387606
https://www.costplusdrugs.com/medications/estradiol-1mg-g-gel-packet-divigel/,581549,0.9321886662026144
https://www.costplusdrugs.com/medications/metronidazole-1-gel-pump-55-metrogel/,605730,0.9170329819050281
https://www.costplusdrugs.com/medications/adapalene-benzoyl-peroxide-0_1-2_5-gel-pump-45-epiduo/,830648,0.9011971933392352
https://www.costplusdrugs.com/medications/adapalene-benzoyl-peroxide-0_3-2_5-gel-pump-45-epiduo-forte/,1663747,0.9036433043736991
https://www.costplusdrugs.com/medications/lamotrigine-starter-kit-green-84-x-25mg-14x100mg-green-kit-98-lamictal/,105019,0.9591270460035073
https://www.costplusdrugs.com/medications/erythromycin-2-jar-of-pads-60-ery/,798133,0.8882109536001954
https://www.costplusdrugs.com/medications/clotrimazole-10mg-lozenge-mycelex/,2685228,0.8742337589544773
https://www.costplusdrugs.com/medications/valproatesodium-250mg_5ml-milliliters/,1099679,0.8209184655419324
https://www.costplusdrugs.com/medications/olopatadine-hcl-0_60-solution-spray-30_5-patanase/,1797898,0.9065313002684264
https://www.costplusdrugs.com/medications/calcitonin-salmon-200-unit-act-nasal-spray-3_7-miacalcin/,261204,0.9097134462425358
https://www.costplusdrugs.com/medications/azelastine-fluticasone-137-50mcg-act-nasal-spray-23-dymista/,1797849,0.8724618661415241
https://www.costplusdrugs.com/medications/SumatriptanSuccinate-50mg-Tablet/,582330,0.9005258390566216
https://www.costplusdrugs.com/medications/flunisolide-25mcg-act-0_025-nasal-spray-25-nasalide/,1869712,0.8023772227652766
https://www.costplusdrugs.com/medications/Azelastine%20HCl-0_001-Solution/,1797884,0.8847667204886664
https://www.costplusdrugs.com/medications/dihydroergotamine-mesylate-4mg-ml-nasal-spray-1-migranal/,861670,0.8662868913227819
https://www.costplusdrugs.com/medications/arformoterol-tartrate-15mcg-2ml-nebulization-solution-2-brovana/,695935,0.8761540049198658
https://www.costplusdrugs.com/medications/lamotrigine-50mg-orallydisintegratingtablet-odt/,849052,0.9719915258590126
https://www.costplusdrugs.com/medications/olanzapine-5mg-odt/,153046,0.9260521779110886
https://www.costplusdrugs.com/medications/zolmitriptan-5mg-blister-pack-of-3-odt-tablets/,213167,0.9515235438055205
https://www.costplusdrugs.com/medications/rizatriptan-benzoate-5mg-odt-tablet/,213321,0.8655175840067354
https://www.costplusdrugs.com/medications/fluocinolone-acetonide-body-0_01-oil-118_28ml/,1191309,0.9254446126139488
https://www.costplusdrugs.com/medications/mupirocin-2-ointment-22g/,103570,0.8959162946280386
https://www.costplusdrugs.com/medications/Nystatin-100000unitsg-Ointment/,261178,0.8869395927080874
https://www.costplusdrugs.com/medications/Erythromycin-5mg-Ointment/,584534,0.8877100998334819
https://www.costplusdrugs.com/medications/olopatadinehcl-0_001-ophthalmicsolution/,2281304,0.9353628732755535
https://www.costplusdrugs.com/medications/tobramycin-0_003-ophthalmicsolution/,207846,0.9523747283253551
https://www.costplusdrugs.com/medications/ciprofloxacin-hcl-0_3-ophthalmic-solution-10ml/,103943,0.9314623059594819
https://www.costplusdrugs.com/medications/ketotifen-fumarate-0_035-ophthalmic-solution-5ml/,864646,0.8849295160903236
https://www.costplusdrugs.com/medications/ketorolac-tromethamine-0_005-solution-5ml/,860109,0.9330052216390783
https://www.costplusdrugs.com/medications/neomycinpolymyxindexamethasone-3_5-10000-0_1-suspension/,208602,0.906208468779886
https://www.costplusdrugs.com/medications/sirolimus-1mg_ml-oral-solution-60ml/,351901,0.8776683798358051
https://www.costplusdrugs.com/medications/lamotrigine-starter-kit-orange-42-x-25mg-7-x-100mg-orange-kit-49-lamictal/,105019,0.9591270460035073
https://www.costplusdrugs.com/medications/euthyrox-88mcg-tablet-30/,966401,0.9198172207870281
https://www.costplusdrugs.com/medications/vardenafil-hcl-orally-disintegrating-tablet-10mg-blister-pack-of-4-odt-tablets/,996183,0.9136769318670451
https://www.costplusdrugs.com/medications/aprepitant-80-125mg-pack-of-capsules-3-emend-tri-pack/,404465,0.8498622891745464
https://www.costplusdrugs.com/medications/mesalamine-cleanser-4gm-bottles-kit-1-rowasa/,206798,0.8280682988339328
https://www.costplusdrugs.com/medications/budesonide-er-9mg-tablet-extended-release-uceris/,1366556,0.8810791038780701
https://www.costplusdrugs.com/medications/levalbuterol-hcl-1_25mg-3ml-pack-of-solution-vials-3-xopenex/,1855391,0.8728121532462614
https://www.costplusdrugs.com/medications/prochlorperazine-25mg-pack-of-suppositories-12-compro/,284254,0.9513168538822399
https://www.costplusdrugs.com/medications/promethazine-hcl-50mg-pack-of-suppositories-12-promethegan/,992481,0.9666301793803731
https://www.costplusdrugs.com/medications/levonorgestrel-+-ee-0_1mg-20mcg-pack-of-tablets-28-vienva/,2606549,0.863293871847376
https://www.costplusdrugs.com/medications/cabergoline-0_5mg-pack-of-tablets-8-dostinex/,205909,0.7148899133937077
https://www.costplusdrugs.com/medications/prednisolone-sodium-phosphate-15mg-5ml-bottle-of-soltuion-237-orapred/,647127,0.9310329545660224
https://www.costplusdrugs.com/medications/fosfomycin-tromethamine-3gm-packet-1-monurol/,2725582,0.7482798104214977
https://www.costplusdrugs.com/medications/nitroglycerin-0_6mg-hr-patch-minitran/,899642,0.8509443642314231
https://www.costplusdrugs.com/medications/scopolamine-1mg-patch-transderm-scop/,351875,0.8366181122547535
https://www.costplusdrugs.com/medications/Lidocaine-0_05-Patch/,2642344,0.9202569301343133
https://www.costplusdrugs.com/medications/rivastigmine-tartrate-6mg-capsule/,226668,0.8232440015022251
https://www.costplusdrugs.com/medications/climara-0_1mg-24hr-patch-weekly-4/,890918,0.8398818878153889
https://www.costplusdrugs.com/medications/Nystatin-100000unitsg-Powder/,261178,0.8702732931441519
https://www.costplusdrugs.com/medications/etonogestrel-ethinyl-estradiol-0_12-0_015mg-ring-1-eluryng/,1367439,0.8342998098566815
https://www.costplusdrugs.com/medications/nuvaring-etonogestrel-ethinyl-estradiol-vaginal-ring-0_12-0_015mg-24hr-ring-1/,1367439,0.8364569242197475
https://www.costplusdrugs.com/medications/estring-2mg-1-ring/,884709,0.8260345768380559
https://www.costplusdrugs.com/medications/medroxyprogesterone-acetate-150mg-ml-suspension-syringe-1-depo-provera/,1000128,0.8922945039874159
https://www.costplusdrugs.com/medications/AzelastineHCl-0_0005-Solution/,1797884,0.799080981506967
https://www.costplusdrugs.com/medications/FluticasonePropionate-16_ml-Suspension/,1797933,0.8925493092147304
https://www.costplusdrugs.com/medications/PolymyxinBTrimethoprim-10000UnitML-0_001-Solution/,208451,0.9706030734700222
https://www.costplusdrugs.com/medications/ciclopirox-0_08-solution/,1100057,0.8873183860157773
https://www.costplusdrugs.com/medications/proparacaine-hcl-0_50-solution-dropper-15-alcaine/,1191026,0.9227517055590666
https://www.costplusdrugs.com/medications/sodium-fluoride-0_5mg-ml-solution-dropper-50-luride/,630475,0.917265544060027
https://www.costplusdrugs.com/medications/prednisolone-sodium-phosphate-1-solution-dropper-10-inflamase-forte/,209002,0.9098262967463288
https://www.costplusdrugs.com/medications/atropine-sulfate-1-solution-dropper-15-isopto-atropine/,1190664,0.8673654045579715
https://www.costplusdrugs.com/medications/diclofenacsodium-3-gel100g/,855635,0.9081185424168208
https://www.costplusdrugs.com/medications/dexamethasone-intensol-1mg-ml-solution-dropper-30-dexamethasone-intensol/,205669,0.9164162274917215
https://www.costplusdrugs.com/medications/epinastine-hcl-0_05-solution-dropper-5-elestat/,860656,0.8845322593514866
https://www.costplusdrugs.com/medications/betaxolol-hcl-0_50-solution-dropper-5-betoptic/,213729,0.8731082719666866
https://www.costplusdrugs.com/medications/apraclonidine-hcl-0_50-solution-dropper-10-iopidine/,211020,0.8929679816516567
https://www.costplusdrugs.com/medications/latanoprost-0_01-solution-dropper-2_5-xalatan/,542527,0.9079243214433006
https://www.costplusdrugs.com/medications/flurbiprofen-sodium-0_03-solution-dropper-2_5-ocufen/,1243587,0.9453111207336279
https://www.costplusdrugs.com/medications/cyclopentolate-hcl-1-solution-dropper-2-cyclogyl/,1298358,0.8692783047376427
https://www.costplusdrugs.com/medications/sulfacetamide-prednisolone-10-0_23-solution-dropper-5-vasocidin/,1012017,0.8828462448582892
https://www.costplusdrugs.com/medications/tropicamide-1-solution-dropper-15-mydriacyl/,208660,0.8698555624591053
https://www.costplusdrugs.com/medications/gatifloxacin-0_50-solution-dropper-2_5-zymaxid/,992399,0.890611408050699
https://www.costplusdrugs.com/medications/bromfenac-sodium-once-daily-0_09-solution-dropper-1_7-bromday/,1790146,0.9221437732209665
https://www.costplusdrugs.com/medications/levobunolol-hcl-0_50-solution-dropper-5-betagan/,1150838,0.8940469768618969
https://www.costplusdrugs.com/medications/timolol-maleate-once-daily-0_50-solution-dropper-2_5-istalol/,1923429,0.9187240622464506
https://www.costplusdrugs.com/medications/trifluridine-1-solution-dropper-7_5-viroptic/,208581,0.872811338507079
https://www.costplusdrugs.com/medications/hydrocortisone-acetic-acid-1-2-solution-dropper-10-acetasol-hc/,1191301,0.8251287008562376
https://www.costplusdrugs.com/medications/carteolol-hcl-1-solution-dropper-5-ocupress/,211237,0.7852516210590259
https://www.costplusdrugs.com/medications/bepotastine-besilate-1_50-solution-dropper-10-bepreve/,863042,0.8787659052079975
https://www.costplusdrugs.com/medications/teriparatide-600-mcg_2_4ml-solution-pen-injector-2_4/,2693643,0.89500825839788
https://www.costplusdrugs.com/medications/liraglutide-18-mg_3ml-solution-pen-injector-6/,897126,0.8981802192416103
https://www.costplusdrugs.com/medications/glatopa-glatiramer-acetate-40mg-ml-copaxone/,2000007,0.8846013740125308
https://www.costplusdrugs.com/medications/nitroglycerin-0_4mg-spray-solution-spray-4_9-nitrolingual/,1799434,0.8899800066983221
https://www.costplusdrugs.com/medications/promethazine-25mg-suppository/,992459,0.9672565074975763
https://www.costplusdrugs.com/medications/HydrocortisonePerianal-0_025-Cream/,1291092,0.9099131120672247
https://www.costplusdrugs.com/medications/mesalamine-1000mg-suppository/,583257,0.9233958499909461
https://www.costplusdrugs.com/medications/miconazole-3-200mg-suppository-kit-3-monistat-3/,992791,0.8969719075763413
https://www.costplusdrugs.com/medications/mometasonefuroate-50mcg-suspension/,1797870,0.894430440454453
https://www.costplusdrugs.com/medications/tobramycin-dexamethasone-0_3-0_1-suspension-dropper-5-tobradex/,208813,0.9369473328737912
https://www.costplusdrugs.com/medications/levocarnitine-330mg-tablet-carnitor/,206346,0.9532008022386289
https://www.costplusdrugs.com/medications/meclizinehcl-12_5mg-tablet/,995626,0.9517131713421645
https://www.costplusdrugs.com/medications/paroxetine-hcl-10mg-5ml-bottle-of-suspension-250-paxil/,211699,0.9137886298716991
https://www.costplusdrugs.com/medications/lisinoprilhctz-20mg_25mg-tablet/,104378,0.8970997731829454
https://www.costplusdrugs.com/medications/varenicline-tartrate-1mg-tablet-chantix-continuing-month-pak/,637190,0.8959544945934235
https://www.costplusdrugs.com/medications/candesartan-cilexetil-hctz-32-25mg-tablet-atacand-hct/,805855,0.9236073959901624
https://www.costplusdrugs.com/medications/roflumilast-500mcg-tablet/,1091843,0.7583544752632978
https://www.costplusdrugs.com/medications/spironolactone-hctz-25mg-25mg-tablet/,200820,0.8758980197428421
https://www.costplusdrugs.com/medications/valsartan-hydrochlorothiazide-80mg-12_5mg-tablet/,809014,0.9173415234582444
https://www.costplusdrugs.com/medications/metoprolol-hydrochlorothiazide-50-25mg-tablet-lopressor-hct/,866502,0.9243526480237145
https://www.costplusdrugs.com/medications/lamivudine-zidovudine-150-300mg-tablet-combivir/,213088,0.9529954355014784
https://www.costplusdrugs.com/medications/methylergonovine-maleate-0_2mg-tablet-methergine/,996826,0.9074103896044869
https://www.costplusdrugs.com/medications/promethazine-hcl-6_25mg-5ml-bottle-of-syrup-473-phenergan/,992459,0.8256447826494603
https://www.costplusdrugs.com/medications/bisoprolol-hydrochlorothiazide-5mg-6_25mg-tablet/,854921,0.9218928398950964
https://www.costplusdrugs.com/medications/irbesartan-hydrochlorothiazide-300mg-12_5mg-tablet/,823938,0.9160371161476335
https://www.costplusdrugs.com/medications/dapsone-7_50-gel-pump-90-aczone/,1741907,0.9178009250722003
https://www.costplusdrugs.com/medications/glyburide-micronized-6mg-tablet-glynase/,881411,0.9164570700150179
https://www.costplusdrugs.com/medications/erythromycin-base-500mg-tablet-delayed-release-ery-tab/,206080,0.9660953573102055
https://www.costplusdrugs.com/medications/pramipexole-dihydrochloride-0_75mg-tablet/,858627,0.926792661205511
https://www.costplusdrugs.com/medications/dicyclomine-hcl-10mg-5ml-bottle-of-solution-473-bentyl/,991063,0.8714389585308652
https://www.costplusdrugs.com/medications/doxycycline-monohydrate-150mg-tablet-adoxa-pak-1-150/,800493,0.9274446637493828
https://www.costplusdrugs.com/medications/isosorb-dinitrate-hydralazine-20-37_5mg-tablet-bidil/,905379,0.9017245700235954
https://www.costplusdrugs.com/medications/premarin-1_25mg-tablet/,202301,0.859098657668346
https://www.costplusdrugs.com/medications/misoprostol-200mcg-tablet-cytotec/,104098,0.922539742370162
https://www.costplusdrugs.com/medications/lamotrigine-5mg-chewabletablet/,201239,0.9532886505843644
https://www.costplusdrugs.com/medications/pioglitazone-metformin-15mg-850mg-tablet/,861824,0.915381675033649
https://www.costplusdrugs.com/medications/pirfenidone-801mg-tablet-esbriet/,1868020,0.9153239037580487
https://www.costplusdrugs.com/medications/abacavirlamivudine-600mg_300mg-tablet/,602395,0.9433412291709741
https://www.costplusdrugs.com/medications/ezetimibe-simvastatin-10-80mg-tablet-vytorin/,1245449,0.9255753555552862
https://www.costplusdrugs.com/medications/phenelzine-sulfate-15mg-tablet-nardil/,104836,0.9339131759096323
https://www.costplusdrugs.com/medications/clemastine-fumarate-2_68mg-tablet-tavist/,2712456,0.9289739407616759
https://www.costplusdrugs.com/medications/ibuprofen-famotidine-800-26_6mg-tablet-duexis/,1100070,0.9083152909752779
https://www.costplusdrugs.com/medications/liothyroninesodium-5mcg-tablet/,2723583,0.8900009209646067
https://www.costplusdrugs.com/medications/oxybutynin-chloride-5mg-5ml-bottle-of-syrup-473-ditropan/,863638,0.8448402084787829
https://www.costplusdrugs.com/medications/pioglitazone-45mg-tablet/,261268,0.9468254322384495
https://www.costplusdrugs.com/medications/digoxin-62_5mcg-tablet-lanoxin/,104206,0.9558368517669178
https://www.costplusdrugs.com/medications/colestipol-hcl-5gm-bottle-of-granules-500-colestid/,1048452,0.8950227286292262
https://www.costplusdrugs.com/medications/atovaquone-proguanil-hcl-62_5-25mg-tablet-malarone/,864685,0.9130131116891682
https://www.costplusdrugs.com/medications/levothyroxine-88mcg-tablet/,966401,0.9198172207870281
https://www.costplusdrugs.com/medications/telmisartan_hctz-80_25mg-tablet/,749841,0.8941167052259068
https://www.costplusdrugs.com/medications/atenolol-chlorthalidone-100mg-25mg-tablet/,746023,0.9578720914344621
https://www.costplusdrugs.com/medications/colchicine-0_6mg-tablet/,858071,0.9615606134635941
https://www.costplusdrugs.com/medications/colchicine-probenecid-0_5-500mg-tablet-colbenemid/,2663988,0.8584078391952767
https://www.costplusdrugs.com/medications/tolvaptan-30mg-tablet/,2044357,0.9294931609407278
https://www.costplusdrugs.com/medications/ivermectin-3mg-tablet-stromectol/,261314,0.928810966084163
https://www.costplusdrugs.com/medications/sapropterin-dihydrochloride-500mg-packet-kuvan/,1486691,0.8624242888700124
https://www.costplusdrugs.com/medications/metoclopramide-hcl-5mg_5ml-solution-473ml/,207265,0.8654306382646203
https://www.costplusdrugs.com/medications/pyridostigmine-bromide-er-180mg-tablet-extended-release-mestinon/,903849,0.9040636930064121
https://www.costplusdrugs.com/medications/Estradiol-2mg-Tablet/,206241,0.9737273069633281
https://www.costplusdrugs.com/medications/sulfamethoxazoletrimethoprim-800mg160mg-tablet/,849580,0.9437510921904334
https://www.costplusdrugs.com/medications/teriflunomide-7mg-tablet/,1310535,0.9243875471261898
https://www.costplusdrugs.com/medications/alendronate-sodium-70mg-75ml-bottle-of-solution-75-fosamax/,904433,0.8079076224879155
https://www.costplusdrugs.com/medications/clopidogrel-bisulfate-300mg-tablet-plavix/,749198,0.9504951672787851
https://www.costplusdrugs.com/medications/lopinavir-ritonavir-400-100mg-5ml-bottle-of-solution-160-kaletra/,847741,0.8786109197064607
https://www.costplusdrugs.com/medications/sucralfate-1gm-10ml-bottle-of-suspension-414-carafate/,208094,0.845962993130863
https://www.costplusdrugs.com/medications/dexamethasone-sodium-phosphate-0_10-solution-dropper-5-decadron/,205669,0.8805982265933509
https://www.costplusdrugs.com/medications/montelukastsodium-4mg-packet/,261367,0.860503186037341
https://www.costplusdrugs.com/medications/pitavastatin-calcium-1-mg-tablet/,861646,0.9319725849958133
https://www.costplusdrugs.com/medications/fosamprenavir-calcium-700mg-tablet-lexiva/,402110,0.9487167757432104
https://www.costplusdrugs.com/medications/Loratadine-5mg_5ml-Syrup/,904026,0.8795185918714297
https://www.costplusdrugs.com/medications/fenofibrate-120mg-tablet-fenoglide/,763250,0.9588631473545997
https://www.costplusdrugs.com/medications/rufinamide-40mg-ml-bottle-of-suspension-460-banzel/,1092360,0.9320029796286982
https://www.costplusdrugs.com/medications/carvedilol-6_25mg-tablet/,212388,0.9183462314258957
https://www.costplusdrugs.com/medications/triamterene-hctz-37_5-25mg-tablet-maxzide/,93253,0.921107604730669
https://www.costplusdrugs.com/medications/olmesartanmedoxomil_hctz-40_25mg-tablet/,847042,0.9080902529169717
https://www.costplusdrugs.com/medications/pioglitazone-hcl-glimepiride-30-4mg-tablet-duetact/,731457,0.8866097768060534
https://www.costplusdrugs.com/medications/tizanidine-hcl-6mg-capsule-zanaflex/,580267,0.9126594455972826
https://www.costplusdrugs.com/medications/efavirenz-lamivudine-tenofovir-400-300-300mg-tablet-symfi-lo/,2001430,0.9455174955888346
https://www.costplusdrugs.com/medications/felbamate-600mg-5ml-bottle-of-suspension-237-felbatol/,209027,0.962631571350078
https://www.costplusdrugs.com/medications/griseofulvin-microsize-500mg-tablet-fulvicin-u-f/,92758,0.8375326316781507
https://www.costplusdrugs.com/medications/metformin-850mg-tablet/,861012,0.9481148063981233
https://www.costplusdrugs.com/medications/losartanhctz-50mg_12_5mg-tablet/,979470,0.8980030742601147
https://www.costplusdrugs.com/medications/colesevelam-hcl-625mg-tablet/,866912,0.9269735230392295
https://www.costplusdrugs.com/medications/doxepin-hcl-6mg-tablet-silenor/,966795,0.9238429571826008
https://www.costplusdrugs.com/medications/bismuth-subcitrate-potassium-metronidaz-tetracyclin-140-125-125mg-tablet-pylera/,1294621,0.8506447213664012
https://www.costplusdrugs.com/medications/escitalopram-oxalate-5mg-5ml-bottle-of-solution-240-lexapro/,404408,0.9375624589390584
https://www.costplusdrugs.com/medications/naratriptan-hcl-2_5mg-tablet-9-doses/,213212,0.9247681089868696
https://www.costplusdrugs.com/medications/sumatriptan-naproxen-sodium-85-500mg-tablet-treximet/,849452,0.9025898847497813
https://www.costplusdrugs.com/medications/risedronate-sodium-35mg-tablet-atelvia/,905026,0.9130709591222552
https://www.costplusdrugs.com/medications/famotidine-40mg_5ml-50ml-bottle-of-suspension/,104095,0.8594481858304102
https://www.costplusdrugs.com/medications/hyoscyamine-sulfate-0_125mg-tablet-levsin/,1149355,0.9103011342128677
https://www.costplusdrugs.com/medications/methenamine-hippurate-1gm-tablet-hiprex/,992152,0.9017729910762065
https://www.costplusdrugs.com/medications/erlotinib-hcl-25mg-bottle-of-tablets-30-tarceva/,1088255,0.9231476638178839
https://www.costplusdrugs.com/medications/tranexamic-acid-650mg-tablet-lysteda/,883830,0.9049345846547756
https://www.costplusdrugs.com/medications/nevirapine-50mg-5ml-bottle-of-solution-240-viramune/,211327,0.8797628350239433
https://www.costplusdrugs.com/medications/acyclovir-0_05-ointment/,209977,0.9436122133725475
https://www.costplusdrugs.com/medications/levonorgestrel-1_5mg-tablet-plan-b-one-step/,1736014,0.9520639372362159
https://www.costplusdrugs.com/medications/valganciclovir-hcl-50mg-ml-bottle-of-solution-reconstituted-88-valcyte/,863562,0.90782718066043
https://www.costplusdrugs.com/medications/memantine-hcl-2mg-ml-bottle-of-solution-360-namenda/,996742,0.8956170904610836
https://www.costplusdrugs.com/medications/naproxen-550mg-tablet/,849438,0.948918762466636
https://www.costplusdrugs.com/medications/sertraline-hcl-20mg-ml-bottle-of-concentrate-60-zoloft/,861066,0.9045184465187986
https://www.costplusdrugs.com/medications/sodium-fluoride-0_5mg-tablet-chewable-ludent/,539886,0.9064334911147816
https://www.costplusdrugs.com/medications/phenytoin-sodium-100mg-capsule/,855673,0.8665239927448763
https://www.costplusdrugs.com/medications/lanthanum-carbonate-750mg-tablet-chewable-fosrenol/,1551886,0.8884427461655967
https://www.costplusdrugs.com/medications/aspirin-81mg-tablet-chewable-aspirin/,794229,0.9086960332005529
https://www.costplusdrugs.com/medications/diclofenac-misoprostol-75-0_2mg-tablet-delayed-release-arthrotec/,1359109,0.9358833842826122
https://www.costplusdrugs.com/medications/naproxen-esomeprazole-mg-500-20mg-tablet-delayed-release-vimovo/,994010,0.8978201015185824
https://www.costplusdrugs.com/medications/doxylamine-pyridoxine-10-10mg-tablet-delayed-release-diclegis/,1375954,0.9093434718968385
https://www.costplusdrugs.com/medications/mesalamine-800mg-tablet-delayed-release-asacol-hd/,849383,0.9229520339670738
https://www.costplusdrugs.com/medications/aspirin-low-dose-81mg-tablet-delayed-release-aspirin-low-dose/,1052678,0.9257959843839144
https://www.costplusdrugs.com/medications/hyoscyamine-sulfate-0_125mg-tablet-disintegrating-nulev/,1149355,0.9103011342128677
https://www.costplusdrugs.com/medications/donepezil-hcl-5mg-tablet-disintegrating-aricept-odt/,997230,0.7568645256847666
https://www.costplusdrugs.com/medications/ibandronate-sodium-150mg-tablet-dose-pack-3-boniva/,905030,0.7933949920518142
https://www.costplusdrugs.com/medications/nisoldipine-er-8_5mg-tablet-extended-release-sular/,790840,0.9063151952952208
https://www.costplusdrugs.com/medications/bupropion-hcl-er-smoking-det-150mg-tablet-extended-release-zyban/,993545,0.8996787299770173
https://www.costplusdrugs.com/medications/fluvastatin-sodium-er-80mg-tablet-extended-release-lescol-xl/,687048,0.888207356431779
https://www.costplusdrugs.com/medications/metformin-hcl-er-mod-500mg-tablet-extended-release-glumetza/,860977,0.8943343666081882
https://www.costplusdrugs.com/medications/nifedipine-er-90mg-tablet-extended-release-adalat-cc/,672921,0.8752744584370787
https://www.costplusdrugs.com/medications/pramipexole-dihydrochloride-er-4_5mg-tablet/,901537,0.9062792887018923
https://www.costplusdrugs.com/medications/metformin-hcl-er-osm-500mg-tablet-extended-release-fortamet/,860977,0.8943343666081882
https://www.costplusdrugs.com/medications/nevirapine-er-400mg-tablet-extended-release-viramune-xr/,1373747,0.8636108669635798
https://www.costplusdrugs.com/medications/zileuton-er-600mg-tablet-extended-release-zyflo-cr/,211777,0.8497561270734629
https://www.costplusdrugs.com/medications/carbamazepine-er-400mg-tablet-extended-release-tegretol-xr/,866307,0.8756387332345892
https://www.costplusdrugs.com/medications/naproxen-sodium-er-750mg-tablet-extended-release-naprelan/,1116351,0.8961477823579249
https://www.costplusdrugs.com/medications/guaifenesin-er-600mg-tablet-extended-release-12hr-guaifenex-la/,891301,0.9073956789487815
https://www.costplusdrugs.com/medications/mirabegron-er-50-mg-tablet-extended-release-24-hour/,1300803,0.8614866530027625
https://www.costplusdrugs.com/medications/lithium-carbonate-er-450mg-tablet-extended-release-eskalith-cr/,206786,0.8541918187599674
https://www.costplusdrugs.com/medications/potassium-citrate-er-5meq-540mg-tablet-extended-release-urocit-k/,603282,0.9059026241051524
https://www.costplusdrugs.com/medications/niacin-er-antihyperlipidemic-750mg-tablet-extended-release-niaspan/,212579,0.9483939782340322
https://www.costplusdrugs.com/medications/quinidine-gluconate-er-324mg-tablet-extended-release-quinaglute/,997012,0.7695125267795204
https://www.costplusdrugs.com/medications/pentoxifylline-er-400mg-tablet-extended-release-trental/,284400,0.700657965969983
https://www.costplusdrugs.com/medications/potassium-chloride-er-20meq-tablet-extended-release-k-tab/,1483340,0.9468090634280075
https://www.costplusdrugs.com/medications/deferasirox-500mg-tablet-soluble-exjade/,616163,0.8556188401711664
https://www.costplusdrugs.com/medications/hyoscyamine-sulfate-0_125mg-tablet-sublingual-levsin-sl/,1046984,0.9319700118880156
https://www.costplusdrugs.com/medications/zolmitriptan-5mg-carton-of-solution-doses-6-zomig/,213167,0.9515235438055205
https://www.costplusdrugs.com/medications/betamethasone-valerate-0_10-tube-of-cream-15-beta-val/,213541,0.8616459232936668
https://www.costplusdrugs.com/medications/triamcinolone-acetonide-0_1-jar-of-ointment-454g/,1648997,0.9321919834990158
https://www.costplusdrugs.com/medications/silver-sulfadiazine-1-85g-tube-of-cream/,208185,0.9243245298572683
https://www.costplusdrugs.com/medications/tazarotene-0_10-tube-of-gel-100-tazorac/,284496,0.9299402244660788
https://www.costplusdrugs.com/medications/miconazole-antifungal-2-tube-of-cream-30-micatin/,2537732,0.8901620635850211
https://www.costplusdrugs.com/medications/alclometasone-dipropionate-0_05-tube-of-ointment-45-aclovate/,855476,0.9270607179570596
https://www.costplusdrugs.com/medications/clotrimazole-0_01-vaginalcream/,2685228,0.8574285722055927
https://www.costplusdrugs.com/medications/terconazole-0_40-tube-of-cream-45-terazol-7/,580294,0.8285355370392832
https://www.costplusdrugs.com/medications/tretinoin-0_10-tube-of-cream-20-retin-a/,208331,0.8949797526316022
https://www.costplusdrugs.com/medications/clocortolone-pivalate-0_10-tube-of-cream-45-cloderm/,206048,0.8624126809797967
https://www.costplusdrugs.com/medications/terbinafinehcl-1-cream/,992530,0.8657856867095214
https://www.costplusdrugs.com/medications/terconazole-80mg-suppository-dose-pack-3-zazole/,580294,0.8351036810285071
https://www.costplusdrugs.com/medications/penciclovir-1-tube-of-cream-5-denavir/,211343,0.9234859509716671
https://www.costplusdrugs.com/medications/pimecrolimus-1-tube-of-cream-30-elidel/,352085,0.8787554424209889
https://www.costplusdrugs.com/medications/doxepin-hcl-5-tube-of-cream-45-zonalon/,1000093,0.8862980180981151
https://www.costplusdrugs.com/medications/gentamicin-sulfate-0_3-ophthalmic-solution-5ml/,545236,0.8944568787467186
https://www.costplusdrugs.com/medications/triamcinolone-acetonide-0_1-tube-of-cream-30g/,1648997,0.9321919834990158
https://www.costplusdrugs.com/medications/desoximetasone-0_25-tube-of-ointment-60-topicort/,891631,0.918704570762767
https://www.costplusdrugs.com/medications/fluorouracil-5-tube-of-cream-40-efudex/,92752,0.9082871869620798
https://www.costplusdrugs.com/medications/metronidazole-0_75-cream-45g/,211666,0.9064386328468685
https://www.costplusdrugs.com/medications/oxiconazole-nitrate-1-tube-of-cream-30-oxistat/,207248,0.9144535685422276
https://www.costplusdrugs.com/medications/hydrocortisone-ace-pramoxine-1-1-tube-of-cream-30-analpram-hc/,1234509,0.8912491175826224
https://www.costplusdrugs.com/medications/ivermectin-1-tube-of-cream-45-soolantra/,1598073,0.8643288075889082
https://www.costplusdrugs.com/medications/hydrocortisone-butyr-lipo-base-0_10-tube-of-cream-45-locoid-lipocream/,1370772,0.9024959487424113
https://www.costplusdrugs.com/medications/naftifine-hcl-2-tube-of-cream-60-naftin/,896112,0.9270536221212546
https://www.costplusdrugs.com/medications/diflorasone-diacetate-0_05-tube-of-cream-30-psorcon/,966589,0.9068957268778568
https://www.costplusdrugs.com/medications/desonide-0_05-tube-of-gel-60-desonate/,2567330,0.9129353679933039
https://www.costplusdrugs.com/medications/azelaic-acid-15-tube-of-gel-50-finacea/,1043748,0.883990954064747
https://www.costplusdrugs.com/medications/betamethasone-dipropionate-augmented-0_0005-ointment/,848200,0.9064301602715796
https://www.costplusdrugs.com/medications/erythromycin-2-tube-of-gel-60-erygel/,206212,0.9393358778736498
https://www.costplusdrugs.com/medications/metronidazole-0_75-gel-45g/,211666,0.9314074303187714
https://www.costplusdrugs.com/medications/clindamycin-tretinoin-1_2-0_025-tube-of-gel-30-ziana/,999927,0.898554971913287
https://www.costplusdrugs.com/medications/ciclopiroxolamine-0_77-cream/,1300064,0.8892696921446572
https://www.costplusdrugs.com/medications/fluticasonepropionate-0_05-cream/,895989,0.8909694043344305
https://www.costplusdrugs.com/medications/diflorasone-diacetate-0_05-tube-of-ointment-60-florone/,966589,0.8794369212568103
https://www.costplusdrugs.com/medications/tacrolimus-0_1-ointment-100g/,284520,0.8798183472131031
https://www.costplusdrugs.com/medications/hydrocortisone-1-tube-of-ointment-28_35-cortizone-10/,206314,0.9174914430770319
https://www.costplusdrugs.com/medications/nitroglycerin-2-tube-of-ointment-30-nitro-bid/,207273,0.8863897932101874
https://www.costplusdrugs.com/medications/hydrocortisone-valerate-0_002-cream/,1370752,0.9186728187739185
https://www.costplusdrugs.com/medications/bacitracin-polymyxin-b-500-10000-unit-gm-tube-of-ointment-3_5-polycin/,213626,0.9431107278701973
https://www.costplusdrugs.com/medications/bacitracin-zinc-500-unit-g-tube-of-ointment-28-baciguent/,2391327,0.8801121808165473
https://www.costplusdrugs.com/medications/neomycin-polymyxin-dexameth-3_5-10000-0_1-tube-of-ointment-3_5-maxitrol/,208602,0.9344469631219148
https://www.costplusdrugs.com/medications/miconazolenitrate-2-vaginalcream/,998546,0.8939696482216153
https://www.costplusdrugs.com/medications/Metronidazole-0_0075-Gel/,608934,0.9295244106166918
https://www.costplusdrugs.com/medications/estradiol-10mcg-vaginaltablet8pack/,890918,0.84936113958494
https://www.costplusdrugs.com/medications/norelgestromin-ethinyl-estradiol-150-35mcg-weekly-patch-zafemy/,1251495,0.811080920465016
https://www.costplusdrugs.com/medications/orphenadrine-citrate-er-100mg-tablet/,2591390,0.755115694550784
https://www.costplusdrugs.com/medications/DoxycyclineHyclate-100mg-Tablet/,830605,0.9290228372864902
https://www.costplusdrugs.com/medications/trimethoprim-100mg-tablet-proloprim/,261353,0.8378409747956576
https://www.costplusdrugs.com/medications/rimantadine-hcl-100mg-tablet-flumadine/,856607,0.9076105722432328
https://www.costplusdrugs.com/medications/flurbiprofen-100mg-tablet-ansaid/,2712492,0.971259549428609
https://www.costplusdrugs.com/medications/tolcapone-100mg-tablet-tasmar/,153655,0.947124498607523
https://www.costplusdrugs.com/medications/ritonavir-100mg-tablet/,900577,0.9626511672015643
https://www.costplusdrugs.com/medications/tiopronin-100mg-tablet-thiola/,207840,0.9339217217756104
https://www.costplusdrugs.com/medications/lamivudine-100mg-tablet-epivir-hbv/,213483,0.908830551343951
https://www.costplusdrugs.com/medications/nifedipine-10mg-capsule-procardia/,207779,0.8472088015095461
https://www.costplusdrugs.com/medications/tretinoin-10mg-capsule-vesanoid/,206880,0.8234972925866721
https://www.costplusdrugs.com/medications/phenoxybenzamine-hcl-10mg-capsule-dibenzyline/,861404,0.9365082131841733
https://www.costplusdrugs.com/medications/dalfampridine-er-10mg-tablet/,897025,0.8899765352299492
https://www.costplusdrugs.com/medications/alfuzosinhcler-10mg-tablet/,861134,0.8798297668723714
https://www.costplusdrugs.com/medications/adefovir-dipivoxil-10mg-tablet-hepsera/,881343,0.8802226247566043
https://www.costplusdrugs.com/medications/tranylcypromine-sulfate-10mg-tablet-parnate/,104838,0.9382856612891953
https://www.costplusdrugs.com/medications/ezetimibe-10mg-tablet/,352304,0.9541519777845897
https://www.costplusdrugs.com/medications/KetorolacTromethamine-10mg-Tablet/,860109,0.7596547144095347
https://www.costplusdrugs.com/medications/rasagiline-mesylate-1mg-tablet-azilect/,637185,0.9155906944984287
https://www.costplusdrugs.com/medications/Anastrozole-1mg-Tablet/,151124,0.894432984091198
https://www.costplusdrugs.com/medications/alosetron-hcl-1mg-tablet-lotronex/,261362,0.9472130842525689
https://www.costplusdrugs.com/medications/everolimus-1mg-tablet-zortress/,2056897,0.9172392613958151
https://www.costplusdrugs.com/medications/FolicAcid-1mg-Tablet/,542045,0.8924623443645658
https://www.costplusdrugs.com/medications/granisetron-hcl-1mg-tablet/,763507,0.8511478091179834
https://www.costplusdrugs.com/medications/entecavir-1mg-tablet/,578459,0.9142993661221064
https://www.costplusdrugs.com/medications/benzonatate-200mg-capsule/,904390,0.9004607605020416
https://www.costplusdrugs.com/medications/emtricitabine-200mg-capsule-emtriva/,404587,0.9536748808813365
https://www.costplusdrugs.com/medications/progesterone-200mg-capsule/,261319,0.9720275873978149
https://www.costplusdrugs.com/medications/sorafenib-tosylate-200mg-tablet-nexavar/,615979,0.9196842993767894
https://www.costplusdrugs.com/medications/albendazole-200mg-tablet/,211148,0.97458677908699
https://www.costplusdrugs.com/medications/Carbamazepine-200mg-Tablet/,308972,0.9241943597853257
https://www.costplusdrugs.com/medications/etravirine-200mg-tablet-intelence/,1052660,0.9319401494921049
https://www.costplusdrugs.com/medications/sulindac-200mg-tablet-clinoril/,153008,0.7454502112372035
https://www.costplusdrugs.com/medications/entacapone-200mg-tablet-comtan/,261318,0.9384574398316539
https://www.costplusdrugs.com/medications/rabeprazole-sodium-dr-20mg-tablet/,854870,0.9052507851141409
https://www.costplusdrugs.com/medications/omeprazole-magnesium-delayed-release-dr-20mg-tablet/,608796,0.8846687490841105
https://www.costplusdrugs.com/medications/leflunomide-20mg-tablet/,213379,0.9138441169422176
https://www.costplusdrugs.com/medications/trospium-chloride-20mg-tablet-sanctura/,2694991,0.7626002391123248
https://www.costplusdrugs.com/medications/tadalafil-pah-20mg-tablet-adcirca/,402097,0.9349784780284968
https://www.costplusdrugs.com/medications/sildenafilcitrate-20mg-tablet/,581645,0.9011661611345048
https://www.costplusdrugs.com/medications/tamoxifencitrate-20mg-tablet/,644304,0.8143754600355013
https://www.costplusdrugs.com/medications/zafirlukast-20mg-tablet-accolate/,211776,0.9402362960918758
https://www.costplusdrugs.com/medications/penicillamine-250mg-capsule/,207369,0.9077392598886358
https://www.costplusdrugs.com/medications/vancomycin-250mg-capsule/,201849,0.9856209261638654
https://www.costplusdrugs.com/medications/trientine-hcl-250mg-capsule/,208720,0.9021889354191076
https://www.costplusdrugs.com/medications/penicillamine-250mg-tablet-depen-titratabs/,207370,0.9231952230283016
https://www.costplusdrugs.com/medications/lapatinib-ditosylate-250mg-tablet-tykerb/,672152,0.932265737464447
https://www.costplusdrugs.com/medications/TerbinafineHCl-250mg-Tablet/,992530,0.8023823187540912
https://www.costplusdrugs.com/medications/ursodiol-250mg-tablet-urso-250/,858752,0.973199477727263
https://www.costplusdrugs.com/medications/disulfiram-250mg-tablet-antabuse/,210716,0.9004463710352417
https://www.costplusdrugs.com/medications/carbidopa-25mg-tablet-lodosyn/,261330,0.9267815678753328
https://www.costplusdrugs.com/medications/diclofenac-potassium-25mg-tablet-lofena/,2584350,0.9191363429084426
https://www.costplusdrugs.com/medications/pyrimethamine-25mg-tablet-daraprim/,201912,0.8754420817937414
https://www.costplusdrugs.com/medications/tetrabenazine-25mg-tablet-xenazine/,805462,0.9447765354563731
https://www.costplusdrugs.com/medications/exemestane-25mg-tablet-aromasin/,261317,0.9186482045030728
https://www.costplusdrugs.com/medications/meclizine-hcl-25mg-tablet-travel-ease/,995668,0.9509243149368662
https://www.costplusdrugs.com/medications/ethacrynic-acid-25mg-tablet/,1251905,0.9395111604493482
https://www.costplusdrugs.com/medications/letrozole-2_5mg-tablet/,153124,0.9347761499484588
https://www.costplusdrugs.com/medications/methscopolamine-bromide-2_5mg-tablet-pamine/,207086,0.9332511849677583
https://www.costplusdrugs.com/medications/indapamide-2_5mg-tablet-lozol/,2727462,0.7994715379691508
https://www.costplusdrugs.com/medications/frovatriptan-succinate-2_5mg-tablet-frova/,352058,0.9786923812701165
https://www.costplusdrugs.com/medications/guanfacine-hcl-2mg-tablet-tenex/,862015,0.8675924250192509
https://www.costplusdrugs.com/medications/repaglinide-2mg-tablet-prandin/,213219,0.8916713982484233
https://www.costplusdrugs.com/medications/tolterodine-tartrate-2mg-tablet/,855195,0.9148865359189506
https://www.costplusdrugs.com/medications/sirolimus-2mg-tablet/,404432,0.8748171906941091
https://www.costplusdrugs.com/medications/bumetanide-2mg-tablet-bumex/,205490,0.9498011431576476
https://www.costplusdrugs.com/medications/glycopyrrolate-2mg-tablet/,102166,0.8557105156555712
https://www.costplusdrugs.com/medications/benztropine-mesylate-2mg-tablet/,885207,0.8006562772658377
https://www.costplusdrugs.com/medications/rifampin-300mg-capsule/,201868,0.9764802774814866
https://www.costplusdrugs.com/medications/droxidopa-300mg-capsule/,1490040,0.9244192321616178
https://www.costplusdrugs.com/medications/ursodiol-300mg-capsule/,2477896,0.8720594699703975
https://www.costplusdrugs.com/medications/bupropionxl-300mg-tablet/,993564,0.9035650985790622
https://www.costplusdrugs.com/medications/lithiumcarbonateextendedreleaseer-300mg-tablet/,206786,0.916165340449997
https://www.costplusdrugs.com/medications/allopurinol-300mg-tablet/,213998,0.9390949968387996
https://www.costplusdrugs.com/medications/maraviroc-300mg-tablet-selzentry/,729203,0.9284057282701736
https://www.costplusdrugs.com/medications/aliskiren-fumarate-300mg-tablet-tekturna/,1011741,0.9310975761350269
https://www.costplusdrugs.com/medications/labetalolhcl-300mg-tablet/,896783,0.8910728448745426
https://www.costplusdrugs.com/medications/quinidine-sulfate-300mg-tablet-quinora/,997012,0.7725877039600783
https://www.costplusdrugs.com/medications/tenofovirdisoproxilfumarate-300mg-tablet/,352050,0.9176900510066135
https://www.costplusdrugs.com/medications/abacavir-sulfate-300mg-tablet-ziagen/,213460,0.9380977251097886
https://www.costplusdrugs.com/medications/lamivudine-300mg-tablet-epivir/,352230,0.9334451008717564
https://www.costplusdrugs.com/medications/guaifenesin-400mg-tablet-bidex/,1086867,0.9329168043044125
https://www.costplusdrugs.com/medications/ethambutol-hcl-400mg-tablet-myambutol/,995609,0.9603441541407985
https://www.costplusdrugs.com/medications/amiodarone-hcl-400mg-tablet/,834350,0.9139011260766117
https://www.costplusdrugs.com/medications/hydroxychloroquine-sulfate-400mg-tablet/,979094,0.8479533954445412
https://www.costplusdrugs.com/medications/imatinib-400mg-tablet/,404589,0.9188710851312467
https://www.costplusdrugs.com/medications/moxifloxacin-hcl-400mg-tablet/,261339,0.9384742746657218
https://www.costplusdrugs.com/medications/eletriptan-hydrobromide-40mg-tablet-relpax/,404444,0.9263028189784918
https://www.costplusdrugs.com/medications/CitalopramHydrobromide-40mg-Tablet/,213345,0.9390079428218192
https://www.costplusdrugs.com/medications/vilazodone-hcl-40mg-tablet/,1086786,0.9133621787079782
https://www.costplusdrugs.com/medications/lovastatin-40mg-tablet/,617320,0.8904350712833027
https://www.costplusdrugs.com/medications/glimepiride-4mg-tablet/,153845,0.8934263670821179
https://www.costplusdrugs.com/medications/carbinoxamine-maleate-4mg-tablet-arbinoxa/,1869883,0.7504403128143091
https://www.costplusdrugs.com/medications/tiagabine-hcl-4mg-tablet-gabitril/,1299978,0.9247680458146182
https://www.costplusdrugs.com/medications/Risperidone-4mg-Tablet/,104784,0.9735812486977007
https://www.costplusdrugs.com/medications/hydroxyurea-500mg-capsule-hydrea/,105602,0.9468203871769749
https://www.costplusdrugs.com/medications/flucytosine-500mg-capsule/,207127,0.9329727583349159
https://www.costplusdrugs.com/medications/mycophenolatemofetil-500mg-tablet/,616447,0.9003856848581567
https://www.costplusdrugs.com/medications/ranolazineextendedreleaseer-500mg-tablet/,860738,0.914785604602226
https://www.costplusdrugs.com/medications/divalproexsodiumextendedreleaseer-500mg-tablet/,1099871,0.9079434600615413
https://www.costplusdrugs.com/medications/valacyclovir-500mg-tablet/,108780,0.9668664835393688
https://www.costplusdrugs.com/medications/sodium-phenylbutyrate-500mg-tablet-buphenyl/,213196,0.9187567209188305
https://www.costplusdrugs.com/medications/diflunisal-500mg-tablet-dolobid/,2691103,0.8924158168026307
https://www.costplusdrugs.com/medications/probenecid-500mg-tablet-benemid/,2717850,0.8219724521326519
https://www.costplusdrugs.com/medications/nitazoxanide-500mg-tablet-alinia/,540617,0.9151933418259738
https://www.costplusdrugs.com/medications/tinidazole-500mg-tablet-tindamax/,539811,0.9539890504965033
https://www.costplusdrugs.com/medications/abiraterone-acetate-500mg-tablet-zytiga/,1918044,0.8529854185758791
https://www.costplusdrugs.com/medications/sulfasalazine-500mg-tablet-azulfidine/,208437,0.9416518429392429
https://www.costplusdrugs.com/medications/aminocaproic-acid-500mg-tablet-amicar/,211465,0.8900008916290152
https://www.costplusdrugs.com/medications/ursodiol-500mg-tablet-urso-forte/,858735,0.9457192898229067
https://www.costplusdrugs.com/medications/capecitabine-500mg-tablet/,213293,0.8990010183951185
https://www.costplusdrugs.com/medications/famciclovir-500mg-tablet-famvir/,206853,0.9787142680594026
https://www.costplusdrugs.com/medications/chlorzoxazone-500mg-tablet-parafon-forte-dsc/,1189100,0.9037764695425514
https://www.costplusdrugs.com/medications/deferiprone-500mg-tablet-ferriprox/,1190357,0.9533947137278249
https://www.costplusdrugs.com/medications/doxycycline-monohydrate-50mg-capsule/,1798276,0.9308205016425013
https://www.costplusdrugs.com/medications/triamterene-50mg-capsule-dyrenium/,208675,0.944598779034885
https://www.costplusdrugs.com/medications/zonisamide-50mg-capsule/,404725,0.9169057223730389
https://www.costplusdrugs.com/medications/doxycyclinehyclate-50mg-capsule/,1798276,0.9308205016425013
https://www.costplusdrugs.com/medications/sunitinib-malate-50mg-capsule-sutent/,616292,0.9729562792614814
https://www.costplusdrugs.com/medications/nitrofurantoin-macrocrystal-50mg-capsule-macrodantin/,201882,0.9634039113392961
https://www.costplusdrugs.com/medications/celecoxib-50mg-capsule/,686381,0.9707257530074603
https://www.costplusdrugs.com/medications/hydroxyzinepamoate-50mg-capsule/,995280,0.8890458700446452
https://www.costplusdrugs.com/medications/metoprololextendedreleaseer-50mg-tablet/,866438,0.9013241474258962
https://www.costplusdrugs.com/medications/azathioprine-50mg-tablet/,105611,0.9242732018980027
https://www.costplusdrugs.com/medications/chlorthalidone-50mg-tablet/,214083,0.8849702570029314
https://www.costplusdrugs.com/medications/eplerenone-50mg-tablet/,402105,0.8347299270569968
https://www.costplusdrugs.com/medications/miglitol-50mg-tablet-glyset/,205828,0.781452991590881
https://www.costplusdrugs.com/medications/riluzole-50mg-tablet/,152915,0.9572921803830803
https://www.costplusdrugs.com/medications/QuetiapineFumarate-50mg-Tablet/,616489,0.9487989261372421
https://www.costplusdrugs.com/medications/diclofenacpotassium-50mg-tablet/,855944,0.8975080438296642
https://www.costplusdrugs.com/medications/fluconazole-50mg-tablet/,207106,0.9530281359708445
https://www.costplusdrugs.com/medications/acarbose-50mg-tablet/,209247,0.9464678138488938
https://www.costplusdrugs.com/medications/imipramine-hcl-50mg-tablet/,1099306,0.8762886576339189
https://www.costplusdrugs.com/medications/sildenafilcitrate-50mg-tablet/,213270,0.9466287417154919
https://www.costplusdrugs.com/medications/bicalutamide-50mg-tablet-casodex/,108828,0.926123874453134
https://www.costplusdrugs.com/medications/Atenolol-50mg-Tablet/,152414,0.9526409887581897
https://www.costplusdrugs.com/medications/primidone-50mg-tablet/,207478,0.8719567296788776
https://www.costplusdrugs.com/medications/voriconazole-50mg-tablet-vfend/,352218,0.9417062179645417
https://www.costplusdrugs.com/medications/doxycycline-hyclate-50mg-tablet-targadox/,1806948,0.9286414554968833
https://www.costplusdrugs.com/medications/NaltrexoneHCl-50mg-Tablet/,1483746,0.8957650651992763
https://www.costplusdrugs.com/medications/topiramate-50mg-tablet/,151227,0.9636650239079423
https://www.costplusdrugs.com/medications/losartan-50mg-tablet/,979494,0.907340412439598
https://www.costplusdrugs.com/medications/mercaptopurine-50mg-tablet/,1536490,0.8158906574278981
https://www.costplusdrugs.com/medications/spironolactone-50mg-tablet/,200817,0.9059758450779053
https://www.costplusdrugs.com/medications/prazosinhcl-5mg-capsule/,208981,0.9402400993428113
https://www.costplusdrugs.com/medications/selegiline-hcl-5mg-capsule-eldepryl/,859188,0.9300820311178932
https://www.costplusdrugs.com/medications/temozolomide-5mg-capsule-temodar/,261288,0.9530834721594557
https://www.costplusdrugs.com/medications/ramipril-5mg-capsule/,104385,0.9277166537820225
https://www.costplusdrugs.com/medications/tacrolimus-5mg-capsule/,108514,0.8467048232508971
https://www.costplusdrugs.com/medications/meloxicam-5mg-capsule-vivlodex/,1722355,0.9256482110134833
https://www.costplusdrugs.com/medications/nitisinone-5mg-capsule-orfadin/,352120,0.9261614504365212
https://www.costplusdrugs.com/medications/bromocriptine-mesylate-5mg-capsule-parlodel/,105050,0.893911983763443
https://www.costplusdrugs.com/medications/oxybutyninextendedreleaseer-5mg-tablet/,863638,0.8635755825843408
https://www.costplusdrugs.com/medications/glipizide-extended-release-er-5mg-tablet/,865573,0.8771559095615431
https://www.costplusdrugs.com/medications/nebivololhcl-5mg-tablet/,751623,0.9666953254616456
https://www.costplusdrugs.com/medications/rizatriptan-benzoate-5mg-tablet/,213321,0.8655175840067354
https://www.costplusdrugs.com/medications/rosuvastatin-5mg-tablet/,859426,0.9351703666576504
https://www.costplusdrugs.com/medications/LevocetirizineDihydrochloride-5mg-Tablet/,855174,0.9104615498135215
https://www.costplusdrugs.com/medications/medroxyprogesterone-acetate-5mg-tablet-provera/,1000145,0.9314258174308692
https://www.costplusdrugs.com/medications/dapagliflozin-propanediol-5mg-tablet-farxiga/,1486981,0.8774945066346066
https://www.costplusdrugs.com/medications/desloratadine-5mg-tablet-clarinex/,352086,0.932969426725377
https://www.costplusdrugs.com/medications/phytonadione-5mg-tablet-mephyton/,2532333,0.7199972575493807
https://www.costplusdrugs.com/medications/aripiprazole-5mg-tablet/,404602,0.9455666159668661
https://www.costplusdrugs.com/medications/olmesartanmedoxomil-5mg-tablet/,352200,0.8422251757758235
https://www.costplusdrugs.com/medications/enalaprilmaleate-5mg-tablet/,858815,0.8989791576955241
https://www.costplusdrugs.com/medications/prasugrel-hcl-5mg-tablet-effient/,855820,0.9268967875381386
https://www.costplusdrugs.com/medications/isosorbide-dinitrate-5mg-tablet-isordil-titradose/,793873,0.9584855725531102
https://www.costplusdrugs.com/medications/glipizide-5mg-tablet/,205828,0.9351660745597665
https://www.costplusdrugs.com/medications/tadalafil-5mg-tablet/,404711,0.9326333590798703
https://www.costplusdrugs.com/medications/norethindroneacetate-5mg-tablet/,1000407,0.9208541419179785
https://www.costplusdrugs.com/medications/solifenacinsuccinate-5mg-tablet/,539817,0.9036892496215198
https://www.costplusdrugs.com/medications/lisinopril-5mg-tablet/,104376,0.9145994754619101
https://www.costplusdrugs.com/medications/amiloride-hcl-5mg-tablet-midamor/,212549,0.829354109545072
https://www.costplusdrugs.com/medications/vardenafil-hcl-5mg-tablet/,404636,0.8719155039055155
https://www.costplusdrugs.com/medications/risedronate-sodium-5mg-tablet-actonel/,905043,0.927361319999091
https://www.costplusdrugs.com/medications/prochlorperazine-maleate-5mg-tablet-compazine/,207680,0.941168754388481
https://www.costplusdrugs.com/medications/cetirizine-hcl-5mg-tablet/,1014677,0.9468005955125363
https://www.costplusdrugs.com/medications/selegiline-hcl-5mg-tablet-carbex/,859188,0.8859558030454735
https://www.costplusdrugs.com/medications/finasteride-5mg-tablet/,201961,0.9505593014736984
https://www.costplusdrugs.com/medications/hydrocortisone-5mg-tablet-cortef/,208680,0.926633461728706
https://www.costplusdrugs.com/medications/methscopolamine-bromide-5mg-tablet-pamine-forte/,404640,0.9289042663672765
https://www.costplusdrugs.com/medications/donepezil-5mg-tablet/,997230,0.9172240626003427
https://www.costplusdrugs.com/medications/amlodipine-5mg-tablet/,212549,0.936907644247202
https://www.costplusdrugs.com/medications/linezolid-600mg-tablet/,262091,0.9417613628219261
https://www.costplusdrugs.com/medications/Oxcarbazepine-600mg-Tablet/,262090,0.9098357447161185
https://www.costplusdrugs.com/medications/praziquantel-600mg-tablet-biltricide/,208975,0.9336287986910315
https://www.costplusdrugs.com/medications/azithromycin-600mg-tablet/,226827,0.9055779312185809
https://www.costplusdrugs.com/medications/oxaprozin-600mg-tablet-daypro/,207243,0.9343131510329764
https://www.costplusdrugs.com/medications/Gemfibrozil-600mg-Tablet/,205751,0.9239752648684153
https://www.costplusdrugs.com/medications/darunavir-600mg-tablet-prezista/,794610,0.9269646022727926
https://www.costplusdrugs.com/medications/toremifene-citrate-60mg-tablet-fareston/,152880,0.93238801237156
https://www.costplusdrugs.com/medications/fexofenadinehcl-60mg-tablet/,1192737,0.9382926343235185
https://www.costplusdrugs.com/medications/nateglinide-60mg-tablet/,881411,0.7699504682822879
https://www.costplusdrugs.com/medications/raloxifenehcl-60mg-tablet/,1490067,0.8164953871991234
https://www.costplusdrugs.com/medications/isosorbidemononitrateextendedreleaseer-60mg-tablet/,351381,0.8364641812899067
https://www.costplusdrugs.com/medications/metforminextendedreleaseer-750mg-tablet/,860983,0.9003595549538449
https://www.costplusdrugs.com/medications/Methocarbamol-750mg-Tablet/,2691000,0.8617234903926562
https://www.costplusdrugs.com/medications/nabumetone-750mg-tablet/,206959,0.9035029857910994
https://www.costplusdrugs.com/medications/levetiracetam-750mg-tablet/,284391,0.9385086653400689
https://www.costplusdrugs.com/medications/chlorzoxazone-750mg-tablet-lorzone/,1189100,0.9661626916687316
https://www.costplusdrugs.com/medications/ciprofloxacin-750mg-tablet/,205770,0.9087606004495468
https://www.costplusdrugs.com/medications/clomipramine-hcl-75mg-capsule/,857307,0.9415219606864369
https://www.costplusdrugs.com/medications/minocycline-hcl-75mg-capsule/,207353,0.945134664435648
https://www.costplusdrugs.com/medications/nortriptyline-hcl-75mg-capsule/,209391,0.928255818304623
https://www.costplusdrugs.com/medications/oseltamivir-75mg-capsule/,261315,0.9390125551604113
https://www.costplusdrugs.com/medications/doxycycline-monohydrate-75mg-tablet/,1543955,0.9251814493334856
https://www.costplusdrugs.com/medications/minocycline-hcl-75mg-tablet-dynacin/,207353,0.8882663881687093
https://www.costplusdrugs.com/medications/desipramine-hcl-75mg-tablet-norpramin/,1099318,0.9413147246298977
https://www.costplusdrugs.com/medications/irbesartan-75mg-tablet/,153665,0.9237813623170766
https://www.costplusdrugs.com/medications/doxycycline-hyclate-75mg-tablet/,1543955,0.9251814493334856
https://www.costplusdrugs.com/medications/azathioprine-75mg-tablet-azasan/,404475,0.9455157745445677
https://www.costplusdrugs.com/medications/meloxicam-7_5mg-tablet/,152697,0.9334361297920546
https://www.costplusdrugs.com/medications/olanzapine-7_5mg-tablet/,153047,0.9271838203644371
https://www.costplusdrugs.com/medications/everolimus-7_5mg-tablet-afinitor/,1119402,0.9313771383675482
https://www.costplusdrugs.com/medications/warfarin-7_5mg-tablet/,855348,0.9091333133742697
https://www.costplusdrugs.com/medications/cyclobenzaprine-7_5mg-tablet/,828301,0.8950337125903011
https://www.costplusdrugs.com/medications/pilocarpine-hcl-7_5mg-tablet-salagen/,1001006,0.883861757069186
https://www.costplusdrugs.com/medications/Ibuprofen-800mg-Tablet/,206917,0.9872085247066495
https://www.costplusdrugs.com/medications/cimetidine-800mg-tablet-tagamet/,104062,0.864771353435102
https://www.costplusdrugs.com/medications/sevelamer-hcl-800mg-tablet-renagel/,857226,0.915825553415359
https://www.costplusdrugs.com/medications/metaxalone-800mg-tablet-skelaxin/,1720612,0.9399486304175274
https://www.costplusdrugs.com/medications/sevelamercarbonate-800mg-tablet/,857226,0.915825553415359
https://www.costplusdrugs.com/medications/ziprasidonehcl-80mg-capsule/,284550,0.9211565206075263
https://www.costplusdrugs.com/medications/atomoxetinehcl-80mg-capsule/,617947,0.9126046654891791
https://www.costplusdrugs.com/medications/aprepitant-80mg-capsule/,404465,0.8593930436128783
https://www.costplusdrugs.com/medications/carvedilol-phosphate-er-80mg-capsule/,860534,0.8980098138357661
https://www.costplusdrugs.com/medications/telmisartan-80mg-tablet/,213432,0.9407559539915279
https://www.costplusdrugs.com/medications/sotalolhcl-80mg-tablet/,904605,0.9502720571819241
https://www.costplusdrugs.com/medications/valsartan-80mg-tablet/,351761,0.9288295256961896
https://www.costplusdrugs.com/medications/lurasidone-hcl-80mg-tablet/,1040043,0.9328755412325085
https://www.costplusdrugs.com/medications/verapamilhcl-80mg-tablet/,897685,0.9135097939262511
https://www.costplusdrugs.com/medications/febuxostat-80mg-tablet/,834243,0.9027545625229183
https://www.costplusdrugs.com/medications/sotalol-hcl-af-80mg-tablet-betapace-af/,904605,0.9502720571819241
https://www.costplusdrugs.com/medications/pravastatin-80mg-tablet/,904477,0.9130854414061473
https://www.costplusdrugs.com/medications/nadolol-80mg-tablet/,201337,0.8380562874709557
https://www.costplusdrugs.com/medications/furosemide-80mg-tablet/,205732,0.946589613489546
https://www.costplusdrugs.com/medications/atorvastatin-80mg-tablet/,262095,0.9382337079177968
https://www.costplusdrugs.com/medications/fesoterodine-fumarate-er-8mg-tablet/,810079,0.8641933235488609
https://www.costplusdrugs.com/medications/doxazosin-mesylate-8mg-tablet/,205544,0.9186395263058074
https://www.costplusdrugs.com/medications/perindopril-erbumine-8mg-tablet-aceon/,854927,0.8670016541910964
https://www.costplusdrugs.com/medications/ramelteon-8mg-tablet-rozerem/,603162,0.8756316801267714
https://www.costplusdrugs.com/medications/galantamine-hydrobromide-8mg-tablet-razadyne/,602737,0.9195820813628657
https://www.costplusdrugs.com/medications/candesartan-cilexetil-8mg-tablet-atacand/,577787,0.9013063196800891
https://www.costplusdrugs.com/medications/methylprednisolone-8mg-tablet/,207137,0.9528387628498607
https://www.costplusdrugs.com/medications/nifedipineextendedreleaseer-90mg-tablet/,672921,0.868308975346203
https://www.costplusdrugs.com/medications/cinacalcet-hcl-90mg-tablet/,706960,0.9069037761431596
https://www.costplusdrugs.com/medications/deferasirox-90mg-tablet/,1607798,0.8234249281828997
