id,name,primaryType,types,formattedAddress,street_number,route,neighborhood,city,county,zip,state,country,latitude,longitude,businessStatus,borough_seed,query_seed
ChIJk9ruyj32wokRP8Z7bR7Bl5c,The Mount Sinai Hospital,hospital,"['hospital', 'pharmacy', 'health', 'store', 'point_of_interest', 'establishment']","1468 Madison Ave, New York, NY 10029, USA",1468,Madison Avenue,Manhattan,New York,New York County,10029,New York,United States,40.7899484,-73.9524454,OPERATIONAL,Manhattan,hospital
ChIJX1cBnXdYwokRMtZoy6JJx_Q,HMH Palisades Medical Center,hospital,"['hospital', 'health', 'point_of_interest', 'establishment']","7600 River Rd, North Bergen, NJ 07047, USA",7600,River Road,,North Bergen,Hudson County,07047,New Jersey,United States,40.7936996,-73.9962264,OPERATIONAL,Manhattan,hospital
ChIJWwL0jcNYwokRVCXGXtBSsgU,NewYork-Presbyterian/Weill Cornell Medical Center,hospital,"['hospital', 'health', 'point_of_interest', 'establishment']","525 E 68th St, New York, NY 10065, USA",525,East 68th Street,Manhattan,New York,New York County,10065,New York,United States,40.7644066,-73.9541833,OPERATIONAL,Manhattan,hospital
ChIJqccvIQxZwokR4PfF_NqTomc,NYC Health + Hospitals / Bellevue,hospital,"['hospital', 'health', 'point_of_interest', 'establishment']","462 1st Ave, New York, NY 10016, USA",462,1st Avenue,Manhattan,New York,New York County,10016,New York,United States,40.7396865,-73.9762044,OPERATIONAL,Manhattan,hospital
ChIJdUrffUJZwokRwuMqrnBmhUo,NYU Langone Health,hospital,"['hospital', 'health', 'point_of_interest', 'establishment']","550 1st Ave, New York, NY 10016, USA",550,1st Avenue,Manhattan,New York,New York County,10016,New York,United States,40.7421225,-73.9739642,OPERATIONAL,Manhattan,hospital
ChIJOzBevz32wokRyOlTYIko13s,Mount Sinai West,hospital,"['hospital', 'health', 'point_of_interest', 'establishment']","1000 10th Ave, New York, NY 10019, USA",1000,10th Avenue,Manhattan,New York,New York County,10019,New York,United States,40.7698391,-73.98716639999999,OPERATIONAL,Manhattan,hospital
ChIJra13dJVYwokRh3kQ5-p7Nio,Lenox Hill Hospital,hospital,"['hospital', 'health', 'point_of_interest', 'establishment']","100 E 77th St, New York, NY 10075, USA",100,East 77th Street,Manhattan,New York,New York County,10075,New York,United States,40.7737304,-73.9608219,OPERATIONAL,Manhattan,hospital
ChIJxyP7YHb2wokRbxR-lIlJmWY,NYC Health + Hospitals/Harlem,hospital,"['hospital', 'health', 'point_of_interest', 'establishment']","506 Lenox Ave, New York, NY 10037, USA",506,Lenox Avenue,Manhattan,New York,New York County,10037,New York,United States,40.8143104,-73.93950869999999,OPERATIONAL,Manhattan,hospital
ChIJEbXTe5z2wokR83YM0hRjJb8,NewYork-Presbyterian / Columbia University Irving Medical Center,hospital,"['hospital', 'health', 'point_of_interest', 'establishment']","622 W 168th St, New York, NY 10032, USA",622,West 168th Street,Manhattan,New York,New York County,10032,New York,United States,40.8411304,-73.9408887,OPERATIONAL,Manhattan,hospital
ChIJG1z-2KhYwokRhPmjewNNWcc,NYC Health + Hospitals/Metropolitan,hospital,"['hospital', 'health', 'point_of_interest', 'establishment']","1901 1st Ave, New York, NY 10029, USA",1901,1st Avenue,Manhattan,New York,New York County,10029,New York,United States,40.7850202,-73.9448902,OPERATIONAL,Manhattan,hospital
ChIJ96LYj8tXwokRq4xE-Ti1RxE,Hudson Regional Hospital New Jersey,hospital,"['hospital', 'health', 'point_of_interest', 'establishment']","55 Meadowlands Pkwy, Secaucus, NJ 07094, USA",55,Meadowlands Parkway,,Secaucus,Hudson County,07094,New Jersey,United States,40.7916187,-74.0730358,OPERATIONAL,Manhattan,hospital
ChIJi2Z3IpVfwokRVV7i1kf6Zuk,NYC Health + Hospitals/Elmhurst,hospital,"['hospital', 'doctor', 'health', 'point_of_interest', 'consultant', 'establishment']","79-01 Broadway, Elmhurst, NY 11373, USA",79-01,Broadway,Queens,,Queens County,11373,New York,United States,40.7450814,-73.8857797,OPERATIONAL,Manhattan,hospital
ChIJywEEJFlYwokR0jnkMPn6_KU,Mount Sinai Morningside,hospital,"['hospital', 'health', 'point_of_interest', 'establishment']","419 W 114th St, New York, NY 10025, USA",419,West 114th Street,Manhattan,New York,New York County,10025,New York,United States,40.805371,-73.9614551,OPERATIONAL,Manhattan,hospital
ChIJCQGqpfBbwokRmdgPurJ5qqo,NYC Health + Hospitals/Woodhull,hospital,"['hospital', 'health', 'point_of_interest', 'establishment']","760 Broadway, Brooklyn, NY 11206, USA",760,Broadway,Brooklyn,,Kings County,11206,New York,United States,40.6994835,-73.942742,OPERATIONAL,Manhattan,hospital
ChIJQ49XcEhfwokRW8WHP5Y4lpA,Mount Sinai Queens,hospital,"['hospital', 'health', 'point_of_interest', 'establishment']","25-10 30th Ave., Long Island City, NY 11102, USA",25-10,30th Avenue,Queens,,Queens County,11102,New York,United States,40.7680983,-73.9248696,OPERATIONAL,Manhattan,hospital
ChIJ1Zog-MNYwokRBq9a0EnDEjA,NewYork-Presbyterian Hospital,hospital,"['hospital', 'health', 'point_of_interest', 'establishment']","520 E 70th St, New York, NY 10021, USA",520,East 70th Street,Manhattan,New York,New York County,10021,New York,United States,40.765139100000006,-73.9537225,OPERATIONAL,Manhattan,hospital
ChIJDwW839dZwokRhDwRH1H6LiQ,Hoboken University Medical Center,hospital,"['hospital', 'health', 'point_of_interest', 'establishment']","308 Willow Ave, Hoboken, NJ 07030, USA",308,Willow Avenue,,Hoboken,Hudson County,07030,New Jersey,United States,40.7410894,-74.03372619999999,OPERATIONAL,Manhattan,hospital
ChIJ56F418_1wokRMwWHcUO188E,NYC Health + Hospitals/Lincoln,hospital,"['hospital', 'health', 'point_of_interest', 'establishment']","234 E 149th St, Bronx, NY 10451, USA",234,East 149th Street,The Bronx,,Bronx County,10451,New York,United States,40.8160855,-73.9247762,OPERATIONAL,Manhattan,hospital
ChIJi4KfiXj0wokR64vr1_62eoc,St. Barnabas Hospital,hospital,"['hospital', 'pharmacy', 'health', 'store', 'point_of_interest', 'establishment']","4422 Third Ave, Bronx, NY 10457, USA",4422,Third Avenue,The Bronx,,Bronx County,10457,New York,United States,40.852753199999995,-73.8914272,OPERATIONAL,Manhattan,hospital
ChIJOWaslk_0wokRC6fbHVFa4aE,BronxCare Health System,hospital,"['hospital', 'doctor', 'health', 'point_of_interest', 'establishment']","1650 Grand Concourse, Bronx, NY 10457, USA",1650,Grand Concourse,The Bronx,,Bronx County,10457,New York,United States,40.8434203,-73.9111235,OPERATIONAL,Manhattan,hospital
ChIJnVpl2LlQwokR7bK6pkKhvxU,Jersey City Medical Center,hospital,"['hospital', 'health', 'point_of_interest', 'establishment']","355 Grand St, Jersey City, NJ 07302, USA",355,Grand Street,,Jersey City,Hudson County,07302,New Jersey,United States,40.7163016,-74.0503916,OPERATIONAL,Manhattan,medical center
ChIJ644USVdYwokRVvkNXT11zBk,Midtown Health Center,hospital,"['hospital', 'health', 'point_of_interest', 'establishment']","775 9th Ave, New York, NY 10019, USA",775,9th Avenue,Manhattan,New York,New York County,10019,New York,United States,40.7647112,-73.9883928,OPERATIONAL,Manhattan,medical center
ChIJW43JrYJYwokRXFM8i4cfb-4,Amsterdam Family Health Center,health,"['health', 'point_of_interest', 'establishment']","De Hostos Towers, 690 Amsterdam Ave # 1, New York, NY 10025, USA",690,Amsterdam Avenue,Manhattan,New York,New York County,10025,New York,United States,40.792521099999995,-73.97174749999999,OPERATIONAL,Manhattan,medical center
ChIJ6ejYizVZwokRMigAGC3-7mA,One Medical Primary Care Clinic - Upper West Side-81st & Broadway,health,"['hospital', 'doctor', 'health', 'point_of_interest', 'establishment']","252 W 81st St 2nd floor, New York, NY 10024, USA",252,West 81st Street,Manhattan,New York,New York County,10024,New York,United States,40.785243099999995,-73.9795369,OPERATIONAL,Manhattan,medical center
ChIJ-c5faZz2wokRYYDE6aNjL_g,Columbia University Irving Medical Center,hospital,"['hospital', 'doctor', 'health', 'point_of_interest', 'establishment']","622 W 168th St, New York, NY 10032, USA",622,West 168th Street,Manhattan,New York,New York County,10032,New York,United States,40.841311,-73.94067,OPERATIONAL,Manhattan,medical center
ChIJ_y4HX4JYwokR_rR9fGqCvSk,CityMD West 88th Urgent Care - NYC,health,"['doctor', 'health', 'point_of_interest', 'establishment']","2398 Broadway, New York, NY 10024, USA",2398,Broadway,Manhattan,New York,New York County,10024,New York,United States,40.789277999999996,-73.975273,OPERATIONAL,Manhattan,medical center
ChIJqe27tM1fwokR2P51C9CukoQ,Rockwell Health Center,hospital,"['hospital', 'health', 'point_of_interest', 'establishment']","3-01 27th Ave, Astoria, NY 11102, USA",3-01,27th Avenue,Queens,,Queens County,11102,New York,United States,40.775312799999995,-73.9339404,OPERATIONAL,Manhattan,medical center
ChIJoWK1wpxYwokRUSMfTYuJXak,"Mount Sinai Doctors-Urgent Care & Multispecialty, Upper West Side",health,"['doctor', 'health', 'point_of_interest', 'establishment']","638 Columbus Ave, New York, NY 10024, USA",638,Columbus Avenue,Manhattan,New York,New York County,10024,New York,United States,40.7896225,-73.9701614,OPERATIONAL,Manhattan,medical center
ChIJiQShcif2wokRQQRrB2lSeOo,Ryan Health | West 97th Street,health,"['health', 'point_of_interest', 'establishment']","110 W 97th St, New York, NY 10025, USA",110,West 97th Street,Manhattan,New York,New York County,10025,New York,United States,40.7935825,-73.9675886,OPERATIONAL,Manhattan,medical center
ChIJGWeGqfpZwokRxZlEkLFpFwA,Medical Offices of Manhattan - Upper East Side,health,"['doctor', 'health', 'point_of_interest', 'establishment']","201 E 65th St, New York, NY 10065, USA",201,East 65th Street,Manhattan,New York,New York County,10065,New York,United States,40.7653174,-73.96328489999999,OPERATIONAL,Manhattan,medical center
ChIJU1TfBsdZwokRRfOTIi067Aw,NewYork-Presbyterian / Weill Cornell Medical Center Emergency Department,health,"['health', 'point_of_interest', 'establishment']","525 E 68th St, New York, NY 10065, USA",525,East 68th Street,Manhattan,New York,New York County,10065,New York,United States,40.7639551,-73.95388369999999,OPERATIONAL,Manhattan,medical center
ChIJVyO70CxbwokRXN_DDk8hsLQ,Medical Center,wellness_center,"['wellness_center', 'health', 'point_of_interest', 'establishment']","410 Ditmas Ave, Brooklyn, NY 11218, USA",410,Ditmas Avenue,Brooklyn,,Kings County,11218,New York,United States,40.635803599999996,-73.97461489999999,OPERATIONAL,Manhattan,medical center
ChIJd83mOv5ZwokRLczMPi-gdB8,"Century Medical & Dental Center | Manhattan, Midtown",hospital,"['hospital', 'doctor', 'health', 'point_of_interest', 'establishment']","827 11th Ave, New York, NY 10019, USA",827,11th Avenue,Manhattan,New York,New York County,10019,New York,United States,40.7700734,-73.9919622,OPERATIONAL,Manhattan,medical center
ChIJhaf6yfdYwokRfGf9SfcKOmQ,One Medical Primary Care Clinic - 5 Columbus Circle,health,"['hospital', 'doctor', 'health', 'point_of_interest', 'establishment']","5 Columbus Cir #1802, New York, NY 10019, USA",5,Columbus Circle,Manhattan,New York,New York County,10019,New York,United States,40.766667999999996,-73.9814608,OPERATIONAL,Manhattan,medical center
ChIJg0HLESb2wokR08tF4tLSe0M,One Medical Primary Care Clinic - Manhattan Valley 100th & Broadway,health,"['hospital', 'doctor', 'health', 'point_of_interest', 'establishment']","2633 Broadway, New York, NY 10025, USA",2633,Broadway,Manhattan,New York,New York County,10025,New York,United States,40.797070999999995,-73.9703498,OPERATIONAL,Manhattan,medical center
ChIJ5fEka91YwokRpgnqfcTsB48,The Schwarzman Animal Medical Center,veterinary_care,"['veterinary_care', 'health', 'point_of_interest', 'establishment']","510 E 62nd St, New York, NY 10065, USA",510,East 62nd Street,Manhattan,New York,New York County,10065,New York,United States,40.7601906,-73.9578128,OPERATIONAL,Manhattan,medical center
ChIJk8lrhT9ZwokRjHNZOHlRE0o,One Medical Primary Care Clinic - Upper East Side,health,"['hospital', 'doctor', 'health', 'point_of_interest', 'establishment']","171 E 65th St, New York, NY 10065, USA",171,East 65th Street,Manhattan,New York,New York County,10065,New York,United States,40.7656053,-73.9639775,OPERATIONAL,Manhattan,medical center
ChIJjRUJe69YwokRJ-kPvHJhj3U,Mount Sinai Adolescent Health Center,health,"['health', 'point_of_interest', 'establishment']","312-320 E 94th St, New York, NY 10128, USA",312-320,East 94th Street,Manhattan,New York,New York County,10128,New York,United States,40.7823067,-73.9472333,OPERATIONAL,Manhattan,medical center
ChIJPwJ94LxYwokR441gaV01AQY,Park Avenue Medical Professionals,health,"['doctor', 'health', 'point_of_interest', 'establishment']","120 East 86th St, New York, NY 10028, USA",120,East 86th Street,Manhattan,New York,New York County,10028,New York,United States,40.7795786,-73.95631519999999,OPERATIONAL,Manhattan,medical center
ChIJP1ft2plZwokRupTUKCpXGIY,Memorial Sloan Kettering Patient Urgent Care Center,hospital,"['hospital', 'health', 'point_of_interest', 'establishment']","425 E 67th St, New York, NY 10065, USA",425,East 67th Street,Manhattan,New York,New York County,10065,New York,United States,40.764395,-73.957404,OPERATIONAL,Manhattan,urgent care
ChIJ0eDB-BpE6IkRDu6SC_1Y1D0,Total Health & Wellness Medical Center,health,"['health', 'point_of_interest', 'establishment']","99 Madison Ave, New York, NY 10016, USA",99,Madison Avenue,Manhattan,New York,New York County,10016,New York,United States,40.7447589,-73.9849663,OPERATIONAL,Manhattan,urgent care
ChIJXVWUiu5ZwokRq54eklrh8p8,"Mount Sinai-Urgent Care, East 14th Street",health,"['health', 'point_of_interest', 'establishment']","310 E 14th St Ground Floor, New York, NY 10013, USA",310,East 14th Street,Manhattan,New York,New York County,10013,New York,United States,40.7319493,-73.9845869,OPERATIONAL,Manhattan,urgent care
ChIJ-ZocQulZwokRaD41Dtrb6Z4,+MEDRITE Upper West Side Urgent Care - Manhattan,health,"['health', 'point_of_interest', 'establishment']","2189 Broadway, New York, NY 10024, USA",2189,Broadway,Manhattan,New York,New York County,10024,New York,United States,40.7828228,-73.9810509,OPERATIONAL,Manhattan,urgent care
ChIJsZ5ShopYwokRfXMk2fwaRDY,CityMD West 69th Urgent Care - NYC,health,"['doctor', 'health', 'point_of_interest', 'establishment']","2025 Broadway, New York, NY 10023, USA",2025,Broadway,Manhattan,New York,New York County,10023,New York,United States,40.7766565,-73.9824637,OPERATIONAL,Manhattan,urgent care
ChIJI-cGZVhYwokRoq7jdHOT1PQ,CityMD West 57th Urgent Care - NYC,health,"['doctor', 'health', 'point_of_interest', 'establishment']","315 W 57th St, New York, NY 10019, USA",315,West 57th Street,Manhattan,New York,New York County,10019,New York,United States,40.767328000000006,-73.983792,OPERATIONAL,Manhattan,urgent care
ChIJ25di2b9YwokRpObZJ1iw0m0,Sollis Health - 77th Street,hospital,"['hospital', 'doctor', 'health', 'point_of_interest', 'establishment']","170 E 77th St, New York, NY 10075, USA",170,East 77th Street,Manhattan,New York,New York County,10075,New York,United States,40.773116,-73.95913,OPERATIONAL,Manhattan,urgent care
ChIJV__PsvZZwokR8lr8R898UWw,Optum Urgent Care - Yorkville,health,"['health', 'point_of_interest', 'establishment']","1601 3rd Ave Frnt 1, New York, NY 10128, USA",1601,3rd Avenue,Manhattan,New York,New York County,10128,New York,United States,40.781306,-73.95147159999999,OPERATIONAL,Manhattan,urgent care
ChIJxVvnF7lYwokR5o_4IBhZoHA,Northwell Health-GoHealth Urgent Care,health,"['health', 'point_of_interest', 'establishment']","1555 1st Ave, New York, NY 10028, USA",1555,1st Avenue,Manhattan,New York,New York County,10028,New York,United States,40.773599,-73.952133,OPERATIONAL,Manhattan,urgent care
ChIJWa5jE_9ZwokRjSmwPepscHQ,CityMD East 79th Street Urgent Care - NYC,health,"['doctor', 'health', 'point_of_interest', 'establishment']","1143 Lexington Ave, New York, NY 10021, USA",1143,Lexington Avenue,Manhattan,New York,New York County,10021,New York,United States,40.775148,-73.95857099999999,OPERATIONAL,Manhattan,urgent care
ChIJRYGuU7pYwokRq3MI3t05Dt8,CityMD East 86th Urgent Care - NYC,health,"['doctor', 'health', 'point_of_interest', 'establishment']","336 East 86th St, New York, NY 10028, USA",336,East 86th Street,Manhattan,New York,New York County,10028,New York,United States,40.777145,-73.950431,OPERATIONAL,Manhattan,urgent care
ChIJxY1OkLlfwokRAxQvhpqg-ww,Centers Urgent Care of Astoria,health,"['medical_lab', 'doctor', 'health', 'point_of_interest', 'establishment']","27-15 30th Ave., Long Island City, NY 11102, USA",27-15,30th Avenue,Queens,,Queens County,11102,New York,United States,40.7681652,-73.9234676,OPERATIONAL,Manhattan,urgent care
ChIJ6zV-UST2wokREtzNMQPWZpI,CityMD West 104th Urgent Care - NYC,health,"['doctor', 'health', 'point_of_interest', 'establishment']","2710 Broadway, New York, NY 10025, USA",2710,Broadway,Manhattan,New York,New York County,10025,New York,United States,40.7994546,-73.9679609,OPERATIONAL,Manhattan,urgent care
ChIJT50DX6ZYwokRJ9fDKCKULgo,CityMD East 96th Urgent Care - NYC,health,"['doctor', 'health', 'point_of_interest', 'establishment']","1500 Lexington Ave, New York, NY 10029, USA",1500,Lexington Avenue,Manhattan,New York,New York County,10029,New York,United States,40.7862666,-73.9510013,OPERATIONAL,Manhattan,urgent care
ChIJX7e-LeD3wokRGVJnuzXbt7s,AM/PM Urgent Care with Englewood Health at North Bergen,health,"['health', 'point_of_interest', 'establishment']","7405 Bergenline Ave, North Bergen, NJ 07047, USA",7405,Bergenline Avenue,,North Bergen,Hudson County,07047,New Jersey,United States,40.7988612,-74.0092324,OPERATIONAL,Manhattan,urgent care
ChIJ3TotGVNYwokRM4PsoK8PU50,+MEDRITE Midtown West Urgent Care - Manhattan,health,"['health', 'point_of_interest', 'establishment']","521 W 42nd St, New York, NY 10036, USA",521,West 42nd Street,Manhattan,New York,New York County,10036,New York,United States,40.7603424,-73.996406,OPERATIONAL,Manhattan,urgent care
ChIJTRh7YvtZwokR6sLovkHRqVA,+MEDRITE Lenox Hill Urgent Care - Manhattan,health,"['health', 'point_of_interest', 'establishment']","1090 3rd Ave, New York, NY 10065, USA",1090,3rd Avenue,Manhattan,New York,New York County,10065,New York,United States,40.7649422,-73.96439540000002,OPERATIONAL,Manhattan,urgent care
ChIJzzwG7gpZwokRTFdZt1mb4Dk,+MEDRITE Midtown East Urgent Care - Manhattan,health,"['health', 'point_of_interest', 'establishment']","919 2nd Ave, New York, NY 10017, USA",919,2nd Avenue,Manhattan,New York,New York County,10017,New York,United States,40.7541626,-73.96933829999999,OPERATIONAL,Manhattan,urgent care
ChIJLQQznSFZwokR8GMHNx2kb_M,SimonMed Imaging - Carnegie Hill,health,"['health', 'point_of_interest', 'establishment']","170 E 77th St, New York, NY 10075, USA",170,East 77th Street,Manhattan,New York,New York County,10075,New York,United States,40.773151,-73.95919719999999,OPERATIONAL,Manhattan,imaging center
ChIJFTRg--9YwokRpBKZyQJ4lR4,Medical Imaging of Manhattan,health,"['doctor', 'health', 'point_of_interest', 'establishment']","106 E 61st St, New York, NY 10065, USA",106,East 61st Street,Manhattan,New York,New York County,10065,New York,United States,40.7639262,-73.9686062,OPERATIONAL,Manhattan,imaging center
ChIJL3Ggu8ZYwokRvt6CoQ_misc,"East River Medical Imaging, PC",health,"['doctor', 'health', 'point_of_interest', 'establishment']","519 E 72nd St Suite 103 Suite 103, New York, NY 10021, USA",519,East 72nd Street,Manhattan,New York,New York County,10021,New York,United States,40.7667169,-73.9527351,OPERATIONAL,Manhattan,imaging center
ChIJlTuusYlXwokRi6uhQQsjOoY,New Jersey Imaging Network | Union City,doctor,"['doctor', 'health', 'point_of_interest', 'establishment']","3196 John F. Kennedy Blvd Floor 3, Union City, NJ 07087, USA",3196,John F. Kennedy Boulevard,,Union City,Hudson County,07087,New Jersey,United States,40.7747725,-74.0321275,OPERATIONAL,Manhattan,imaging center
ChIJv5IGawhZwokR7inl4WxjUOY,New Jersey Imaging Network | West New York,doctor,"['doctor', 'health', 'point_of_interest', 'establishment']","307 60th St, West New York, NJ 07093, USA",307,60th Street,,West New York,Hudson County,07093,New Jersey,United States,40.787056799999995,-74.0131426,OPERATIONAL,Manhattan,imaging center
ChIJk8bNdOdYwokRJdchQRrROZk,East River Medical Imaging,health,"['health', 'point_of_interest', 'establishment']","430 E 59th St #2396, New York, NY 10022, USA",430,East 59th Street,Manhattan,New York,New York County,10022,New York,United States,40.7589165,-73.96063819999999,OPERATIONAL,Manhattan,imaging center
ChIJB8BWyvdYwokRQupaF7MCEyA,Lenox Hill Radiology | Columbus Circle Imaging,doctor,"['doctor', 'health', 'point_of_interest', 'establishment']","1790 Broadway, New York, NY 10019, USA",1790,Broadway,Manhattan,New York,New York County,10019,New York,United States,40.766667999999996,-73.9814608,OPERATIONAL,Manhattan,imaging center
ChIJf0HKrJVYwokR9TzvGKBZkcI,Lenox Hill Radiology | East 77th Street,doctor,"['doctor', 'health', 'point_of_interest', 'establishment']","61 E 77th St, New York, NY 10075, USA",61,East 77th Street,Manhattan,New York,New York County,10075,New York,United States,40.774887299999996,-73.9622211,OPERATIONAL,Manhattan,imaging center
ChIJA_fLmhFYwokRSS-DzhiQOSU,North Jersey Imaging Center,health,"['health', 'point_of_interest', 'establishment']","307 60th St, West New York, NJ 07093, USA",307,60th Street,,West New York,Hudson County,07093,New Jersey,United States,40.787057,-74.013139,OPERATIONAL,Manhattan,imaging center
ChIJI-cGZVhYwokRNbSB2hLUKHM,Park West Radiology,health,"['doctor', 'health', 'point_of_interest', 'establishment']","5 Columbus Cir, New York, NY 10019, USA",5,Columbus Circle,Manhattan,New York,New York County,10019,New York,United States,40.7667182,-73.9816151,OPERATIONAL,Manhattan,imaging center
ChIJ37Q_Wr_3wokRQSiL397dhRE,FAIRVIEW IMAGING CENTER INC,health,"['health', 'point_of_interest', 'establishment']","178 Bergen Blvd, Fairview, NJ 07022, USA",178,Bergen Boulevard,,Fairview,Bergen County,07022,New Jersey,United States,40.8173493,-74.00145669999999,OPERATIONAL,Manhattan,imaging center
ChIJ3y_Dj4ZYwokRXr9tRb16TPE,Weill Cornell Imaging at NewYork-Presbyterian,doctor,"['doctor', 'health', 'point_of_interest', 'establishment']","2315 Broadway 4th Floor, New York, NY 10024, USA",2315,Broadway,Manhattan,New York,New York County,10024,New York,United States,40.7870473,-73.9781361,OPERATIONAL,Manhattan,imaging center
ChIJkXCy_qJYwokRcVjoRmSRJXM,Carnegie Hill Imaging For Women,health,"['doctor', 'health', 'point_of_interest', 'establishment']","1245 Madison Ave, New York, NY 10128, USA",1245,Madison Avenue,Manhattan,New York,New York County,10128,New York,United States,40.7830923,-73.9568555,OPERATIONAL,Manhattan,imaging center
ChIJz0-X5aVYwokRmyudde2gGs4,Lenox Hill Radiology | East 95th Street Radiology,doctor,"['doctor', 'health', 'point_of_interest', 'establishment']","215 E 95th St Ste. C, New York, NY 10128, USA",215,East 95th Street,Manhattan,New York,New York County,10128,New York,United States,40.7844236,-73.94857619999999,OPERATIONAL,Manhattan,imaging center
ChIJZe8-fSFYwokRyPQjECvlDic,Diagnostic Medical Imaging,health,"['doctor', 'local_government_office', 'health', 'government_office', 'point_of_interest', 'establishment']","415 43rd St, Union City, NJ 07087, USA",415,43rd Street,,Union City,Hudson County,07087,New Jersey,United States,40.7777786,-74.02416989999999,OPERATIONAL,Manhattan,imaging center
ChIJXzg4ib5YwokRb6yHNZx4lc0,"Rosetta Imaging, affiliate of Northwell Health",doctor,"['doctor', 'health', 'point_of_interest', 'establishment']","1421 3rd Ave, New York, NY 10028, USA",1421,3rd Avenue,Manhattan,New York,New York County,10028,New York,United States,40.775212800000006,-73.9563481,OPERATIONAL,Manhattan,imaging center
ChIJZ3Gqpr1ZwokRrIXSFsKivqM,Union Square Imaging West - New York Radiology Partners,health,"['doctor', 'health', 'point_of_interest', 'establishment']","147 W 15th St, New York, NY 10011, USA",147,West 15th Street,Manhattan,New York,New York County,10011,New York,United States,40.738922099999996,-73.9981994,OPERATIONAL,Manhattan,imaging center
ChIJ1-NkqqBYwokR7EYj9uOwiR8,Mount Sinai Radiology Associates,health,"['hospital', 'health', 'point_of_interest', 'establishment']","1176 5th Ave, New York, NY 10029, USA",1176,5th Avenue,Manhattan,New York,New York County,10029,New York,United States,40.7894783,-73.9539413,OPERATIONAL,Manhattan,imaging center
ChIJ23NstQBZwokRQlSOoG987m4,Lenox Hill Radiology | Madison Avenue Medical Imaging,doctor,"['doctor', 'health', 'point_of_interest', 'establishment']","240 Madison Ave 2nd Floor, New York, NY 10016, USA",240,Madison Avenue,Manhattan,New York,New York County,10016,New York,United States,40.750113899999995,-73.9815389,OPERATIONAL,Manhattan,imaging center
ChIJy86mpUZfwokRml-2uxVyFDA,Lenox Hill Radiology | Astoria,doctor,"['doctor', 'health', 'point_of_interest', 'establishment']","29-16 Astoria Blvd, Astoria, NY 11102, USA",29-16,Astoria Boulevard,Queens,,Queens County,11102,New York,United States,40.7702592,-73.9192764,OPERATIONAL,Manhattan,imaging center
ChIJiVVQme9YwokRuOLiTK5_j-s,Lenox Hill Radiology | Park Avenue,doctor,"['doctor', 'health', 'point_of_interest', 'establishment']","523 Park Ave, New York, NY 10065, USA",523,Park Avenue,Manhattan,New York,New York County,10065,New York,United States,40.7638114,-73.9686707,OPERATIONAL,Manhattan,radiology
ChIJg_ZIvPJZwokRxxpL3-a0vPw,Lenox Hill Radiology | East 95th Street Radiology,doctor,"['doctor', 'health', 'point_of_interest', 'establishment']","215 E 95th St, New York, NY 10128, USA",215,East 95th Street,Manhattan,New York,New York County,10128,New York,United States,40.7844236,-73.94857619999999,OPERATIONAL,Manhattan,radiology
ChIJ3Yssj8JYwokRWX5ImZvZKM0,Lenox Hill Radiology | East 66th Street,doctor,"['doctor', 'health', 'point_of_interest', 'establishment']","400 E 66th St, New York, NY 10065, USA",400,East 66th Street,Manhattan,New York,New York County,10065,New York,United States,40.763661899999995,-73.958603,OPERATIONAL,Manhattan,radiology
ChIJZ_TBS4z3wokR_t77ggXo7Bg,Lenox Hill Radiology | Harlem,doctor,"['doctor', 'health', 'point_of_interest', 'establishment']","215 W 125th St, New York, NY 10027, USA",215,West 125th Street,Manhattan,New York,New York County,10027,New York,United States,40.809501399999995,-73.94911909999999,OPERATIONAL,Manhattan,radiology
ChIJHTyv0QhfwokR5R4G3LTRrHo,Main Street Radiology,doctor,"['doctor', 'health', 'point_of_interest', 'establishment']","72-06 Northern Blvd, Jackson Heights, NY 11372, USA",72-06,Northern Boulevard,Queens,,Queens County,11372,New York,United States,40.754281,-73.89434159999999,OPERATIONAL,Manhattan,radiology
ChIJpVMJA1VZwokRjwK4gjwNK-s,Lenox Hill Radiology | Union Square Diagnostic Imaging West,doctor,"['doctor', 'health', 'point_of_interest', 'establishment']","147 W 15th St Ground Floor & Lower Level, New York, NY 10011, USA",,,Manhattan,New York,New York County,10011,New York,United States,40.7390377,-73.9980848,OPERATIONAL,Manhattan,radiology
ChIJW5ykKAVZwokRIkxIzdcCB5k,Murray Hill Radiology and Mammography,doctor,"['doctor', 'health', 'point_of_interest', 'establishment']","106 E 61st St, New York, NY 10065, USA",106,East 61st Street,Manhattan,New York,New York County,10065,New York,United States,40.763832,-73.96875,OPERATIONAL,Manhattan,radiology
ChIJswHut5lZwokRT5xI9BGe98w,Radiology Medical Arts,health,"['physiotherapist', 'doctor', 'health', 'point_of_interest', 'establishment']","500 E 14th St, New York, NY 10009, USA",500,East 14th Street,Manhattan,New York,New York County,10009,New York,United States,40.7299193,-73.9795773,OPERATIONAL,Manhattan,radiology
ChIJVe0MCKZYwokReYLRoOU_HTo,Quest Diagnostics,medical_lab,"['medical_lab', 'health', 'point_of_interest', 'establishment']","224 E 96th St, New York, NY 10128, USA",224,East 96th Street,Manhattan,New York,New York County,10128,New York,United States,40.7844274,-73.9482635,OPERATIONAL,Manhattan,diagnostic center
ChIJn4jOrKJgwokRwtFkp0GsIMY,New York Medical and Diagnostic Center,hospital,"['chiropractor', 'physiotherapist', 'hospital', 'consultant', 'doctor', 'health', 'point_of_interest', 'establishment']","80-46 Kew Gardens Rd, Kew Gardens, NY 11415, USA",80-46,Kew Gardens Road,Queens,,Queens County,11415,New York,United States,40.7131082,-73.83020359999999,OPERATIONAL,Manhattan,diagnostic center
ChIJ1fYWYFhYwokRz9kpdM1uAmc,Quest Diagnostics,medical_lab,"['medical_lab', 'health', 'point_of_interest', 'establishment']","331 W 57th St, New York, NY 10019, USA",331,West 57th Street,Manhattan,New York,New York County,10019,New York,United States,40.7675966,-73.9843344,OPERATIONAL,Manhattan,diagnostic center
ChIJA_DuHZtYwokRy6P_i7nsVTw,Quest Diagnostics,medical_lab,"['medical_lab', 'health', 'point_of_interest', 'establishment']","2 W 86th St Apt 1A, New York, NY 10024, USA",2,West 86th Street,Manhattan,New York,New York County,10024,New York,United States,40.78519790000001,-73.9697336,OPERATIONAL,Manhattan,diagnostic center
ChIJxR4KApVYwokReNPl6pgYE3s,Quest Diagnostics,medical_lab,"['medical_lab', 'health', 'point_of_interest', 'establishment']","65 E 76th St, New York, NY 10021, USA",65,East 76th Street,Manhattan,New York,New York County,10021,New York,United States,40.774092599999996,-73.9623544,OPERATIONAL,Manhattan,diagnostic center
ChIJZWBBQSJRwokROwHqMvrGuRc,Jersey Advanced MRI & Diagnostic Center,health,"['doctor', 'health', 'point_of_interest', 'establishment']","2127 John F. Kennedy Blvd, North Bergen, NJ 07047, USA",2127,John F. Kennedy Boulevard,,North Bergen,Hudson County,07047,New Jersey,United States,40.769141999999995,-74.040202,OPERATIONAL,Manhattan,diagnostic center
ChIJQ7253rxYwokRbPAV9WDSu50,New York Cardiac Diagnostic Center - Upper East Side,doctor,"['hospital', 'doctor', 'health', 'point_of_interest', 'establishment']","115 East 86th St, New York, NY 10028, USA",115,East 86th Street,Manhattan,New York,New York County,10028,New York,United States,40.779959999999996,-73.956259,OPERATIONAL,Manhattan,diagnostic center
ChIJsVwSMANZwokR7KizHYe3kpY,Quest Diagnostics,medical_lab,"['medical_lab', 'health', 'point_of_interest', 'establishment']","27-47 Crescent St Lower Level Ste 102-103, Astoria, NY 11102, USA",27-47,Crescent Street,Queens,,Queens County,11102,New York,United States,40.769161499999996,-73.92427099999999,OPERATIONAL,Manhattan,diagnostic center
ChIJMSSxPeVYwokR8QXVDZcxT9k,Quest Diagnostics,medical_lab,"['medical_lab', 'health', 'point_of_interest', 'establishment']","115 E 57th St Ste 1530, New York, NY 10022, USA",115,East 57th Street,Manhattan,New York,New York County,10022,New York,United States,40.7614978,-73.96988809999999,OPERATIONAL,Manhattan,diagnostic center
ChIJOe1vpiD2wokRH5z8FwoGii8,"Diagnostics, LLP",health,"['health', 'point_of_interest', 'establishment']","370 Central Prk W, New York, NY 10025, USA",370,Central Park West,Manhattan,New York,New York County,10025,New York,United States,40.7923592,-73.9647714,OPERATIONAL,Manhattan,diagnostic center
ChIJHQG0RNv1wokR2BdFVfDKZ4Y,Distinguished Diagnostic Imaging P.C,health,"['health', 'point_of_interest', 'establishment']","Corner of, 2781 Third Avenue, E 140th St, Bronx, NY 10454, USA",,East 140th Street,The Bronx,,Bronx County,10454,New York,United States,40.8150143,-73.9200342,OPERATIONAL,Manhattan,diagnostic center
ChIJJfLdTL5ZwokR5hZl39-_zEs,Quest Diagnostics,medical_lab,"['medical_lab', 'health', 'point_of_interest', 'establishment']","314 W 14th St 3rd Fl, New York, NY 10014, USA",314,West 14th Street,Manhattan,New York,New York County,10014,New York,United States,40.7399158,-74.00349729999999,OPERATIONAL,Manhattan,diagnostic center
ChIJ257JCaqMwokRfnZNkAULlMU,"University Diagnostic Medical Imaging,P.C.",doctor,"['doctor', 'health', 'point_of_interest', 'establishment']","1200 Waters Pl, Bronx, NY 10461, USA",1200,Waters Place,The Bronx,,Bronx County,10461,New York,United States,40.8528373,-73.83706800000002,OPERATIONAL,Manhattan,diagnostic center
ChIJ03XG2BhYwokRE7Orhd1uOLc,Quest Diagnostics,medical_lab,"['medical_lab', 'health', 'point_of_interest', 'establishment']","4914-4922 John F. Kennedy Blvd Ste 206, West New York, NJ 07093, USA",4914-4922,John F. Kennedy Boulevard,,West New York,Hudson County,07093,New Jersey,United States,40.7832618,-74.0224235,OPERATIONAL,Manhattan,diagnostic center
ChIJUcVhWqFZwokREGUVrhnoCWk,Quest Diagnostics,medical_lab,"['medical_lab', 'health', 'point_of_interest', 'establishment']","21 E 22nd St 1st Fl, New York, NY 10010, USA",21,East 22nd Street,Manhattan,New York,New York County,10010,New York,United States,40.7404797,-73.9884715,OPERATIONAL,Manhattan,diagnostic center
ChIJs7YRJ5lZwokRmf7dnvk4IZA,Lenox Hill Radiology | Union Square Diagnostic Imaging,doctor,"['doctor', 'health', 'point_of_interest', 'establishment']","144 4th Ave, New York, NY 10003, USA",144,4th Avenue,Manhattan,New York,New York County,10003,New York,United States,40.7338684,-73.9900308,OPERATIONAL,Manhattan,diagnostic center
ChIJJ9HH7ftZwokRXhkTnZeJWqc,Northwell Labs at 170 East 77th Street,medical_lab,"['medical_lab', 'health', 'point_of_interest', 'establishment']","170 E 77th St, New York, NY 10075, USA",170,East 77th Street,Manhattan,New York,New York County,10075,New York,United States,40.773149599999996,-73.95919549999999,OPERATIONAL,Manhattan,laboratory
ChIJ4_6yy6BYwokR-tLDKFm-vpo,Labcorp,medical_lab,"['medical_lab', 'health', 'point_of_interest', 'establishment']","5 E 98th St, New York, NY 10029, USA",5,East 98th Street,Manhattan,New York,New York County,10029,New York,United States,40.7890717,-73.9538601,OPERATIONAL,Manhattan,laboratory
ChIJqXuY1VhYwokRBRGc1OoTArQ,Labcorp,medical_lab,"['medical_lab', 'health', 'point_of_interest', 'establishment']","425 W 59th St Ste 1A, New York, NY 10019, USA",425,West 59th Street,Manhattan,New York,New York County,10019,New York,United States,40.7699356,-73.9859848,OPERATIONAL,Manhattan,laboratory
ChIJW7MB6nZZwokRq5-A1izKvKQ,Labcorp,medical_lab,"['medical_lab', 'health', 'point_of_interest', 'establishment']","115 Central Prk W Apt 10, New York, NY 10023, USA",115,Central Park West,Manhattan,New York,New York County,10023,New York,United States,40.7760308,-73.97631160000002,OPERATIONAL,Manhattan,laboratory
ChIJndzd73hZwokRlV9Y-_cyBVg,Northwell Labs at 110 East 60th Street,medical_lab,"['medical_lab', 'health', 'point_of_interest', 'establishment']","110 E 60th St Suite 700, New York, NY 10022, USA",110,East 60th Street,Manhattan,New York,New York County,10022,New York,United States,40.7630908,-73.9688548,OPERATIONAL,Manhattan,laboratory
ChIJWX8NTaxZwokRefoIs6lRtX0,Metro Analytical Laboratories,,"['point_of_interest', 'establishment']","255 W 36th St., New York, NY 10018, USA",255,West 36th Street,Manhattan,New York,New York County,10018,New York,United States,40.753254,-73.9914967,OPERATIONAL,Manhattan,laboratory
ChIJZ4imUdxZwokR13P0rd1PL8A,Lab Worq LLC,medical_lab,"['medical_lab', 'health', 'point_of_interest', 'establishment']","455 Graham Ave, Brooklyn, NY 11222, USA",455,Graham Avenue,Brooklyn,,Kings County,11222,New York,United States,40.71902000000001,-73.9454308,OPERATIONAL,Manhattan,laboratory
ChIJ4W960gdZwokRMG2t3IYTrDU,Labcorp,medical_lab,"['medical_lab', 'health', 'point_of_interest', 'establishment']","111 3rd Ave Apt, New York, NY 10003, USA",111,3rd Avenue,Manhattan,New York,New York County,10003,New York,United States,40.7328955,-73.9872236,OPERATIONAL,Manhattan,laboratory
ChIJ3RsHU6RYwokRw2-nO8s4tCg,Quest Diagnostics,medical_lab,"['medical_lab', 'health', 'point_of_interest', 'establishment']","1651 3rd Ave fl 2nd, New York, NY 10128, USA",1651,3rd Avenue,Manhattan,New York,New York County,10128,New York,United States,40.7827544,-73.9507667,OPERATIONAL,Manhattan,laboratory
ChIJ-zpSYMxZwokR0KUBKBL1n4E,Labcorp,medical_lab,"['medical_lab', 'health', 'point_of_interest', 'establishment']","120 9th Ave, New York, NY 10011, USA",120,9th Avenue,Manhattan,New York,New York County,10011,New York,United States,40.7431007,-74.00357129999999,OPERATIONAL,Manhattan,laboratory
ChIJo6nJadlewokRp-vHrzKcVG8,Laboratory Testing Services,,"['point_of_interest', 'establishment']","40-20 22nd St, Long Island City, NY 11101, USA",40-20,22nd Street,Queens,,Queens County,11101,New York,United States,40.754417499999995,-73.9408459,OPERATIONAL,Manhattan,laboratory
ChIJs2AoHJZYwokR3z5msWQCu98,Patient Service Center,medical_lab,"['medical_lab', 'health', 'point_of_interest', 'establishment']","120 E 90th St, New York, NY 10128, USA",120,East 90th Street,Manhattan,New York,New York County,10128,New York,United States,40.7820414,-73.9540224,OPERATIONAL,Manhattan,laboratory
ChIJWwJ_siBawokR7aw2E8aLbf0,Labcorp,medical_lab,"['medical_lab', 'health', 'point_of_interest', 'establishment']","139 Centre St STE 807, New York, NY 10013, USA",139,Centre Street,Manhattan,New York,New York County,10013,New York,United States,40.7175205,-74.00081449999999,OPERATIONAL,Manhattan,laboratory
ChIJL8q7XgtZwokRYGkWjYs3TVg,NYU Langone Outpatient Laboratory,medical_lab,"['medical_lab', 'health', 'point_of_interest', 'establishment']","Schwartz Health Care Center (HCC, 560 1st Ave Room 104, New York, NY 10016, USA",560,1st Avenue,Manhattan,New York,New York County,10016,New York,United States,40.7421388,-73.9741466,OPERATIONAL,Manhattan,laboratory
ChIJC8f48wtZwokRBzNgWjiFoLQ,New York City DOHMH Public Health Laboratory,health,"['local_government_office', 'government_office', 'health', 'point_of_interest', 'establishment']","455 1st Ave, New York, NY 10016, USA",455,1st Avenue,Manhattan,New York,New York County,10016,New York,United States,40.73938280000001,-73.977488,OPERATIONAL,Manhattan,laboratory
ChIJm6OyKhFawokRDfqXVK8DW5E,Labcorp,medical_lab,"['medical_lab', 'health', 'point_of_interest', 'establishment']","65 Broadway Ste 905, New York, NY 10006, USA",65,Broadway,Manhattan,New York,New York County,10006,New York,United States,40.7071762,-74.0124086,OPERATIONAL,Manhattan,laboratory
ChIJwUpQ2iZYwokR37wW4ucSPTo,Oxford Clinical Laboratory,medical_lab,"['medical_lab', 'health', 'point_of_interest', 'establishment']","3909 Bergenline Ave, Union City, NJ 07087, USA",3909,Bergenline Avenue,,Union City,Hudson County,07087,New Jersey,United States,40.7760894,-74.02633019999999,OPERATIONAL,Manhattan,laboratory
ChIJ_y4HX4JYwokRpxIdg59-gMY,Avantus Renal Therapy Upper Manhattan Dialysis Center,health,"['health', 'point_of_interest', 'establishment']","801 Amsterdam Ave, New York, NY 10025, USA",801,Amsterdam Avenue,Manhattan,New York,New York County,10025,New York,United States,40.7962074,-73.9684211,OPERATIONAL,Manhattan,dialysis center
ChIJN1vEeOhYwokRMWF6wAKcP-8,Avantus Upper East Side Dialysis Center,health,"['health', 'point_of_interest', 'establishment']","315 E 62nd St, New York, NY 10065, USA",315,East 62nd Street,Manhattan,New York,New York County,10065,New York,United States,40.7623148,-73.9620433,OPERATIONAL,Manhattan,dialysis center
ChIJUyJGZxz2wokR3f1NTNwaLvE,Central Park Dialysis Center,health,"['health', 'point_of_interest', 'establishment']","1249 5th Ave, New York, NY 10029, USA",1249,5th Avenue,Manhattan,New York,New York County,10029,New York,United States,40.7937824,-73.9510103,OPERATIONAL,Manhattan,dialysis center
ChIJhx3wMAP2wokRSh511qUNUto,Fresenius Kidney Care City Dialysis,health,"['health', 'point_of_interest', 'establishment']","105 E 106th St, New York, NY 10029, USA",105,East 106th Street,Manhattan,New York,New York County,10029,New York,United States,40.79297,-73.9472128,OPERATIONAL,Manhattan,dialysis center
ChIJtccIzyn2wokRaPv8hb29oUo,Mount Sinai's Dialysis Center,health,"['doctor', 'health', 'point_of_interest', 'establishment']","520 E 117th St #4, New York, NY 10028, USA",520,East 117th Street,Manhattan,New York,New York County,10028,New York,United States,40.7949804,-73.9313685,OPERATIONAL,Manhattan,dialysis center
ChIJoUbivx32wokRocSLA7dYLAQ,Mount Sinai Renal Clinic,health,"['health', 'point_of_interest', 'establishment']","17 E 102nd St, New York, NY 10029, USA",17,East 102nd Street,Manhattan,New York,New York County,10029,New York,United States,40.7914868,-73.95203430000001,OPERATIONAL,Manhattan,dialysis center
ChIJYwI8XKdYwokRnLgs7-MYjSY,Mount Sinai Kidney Center - B1 Renal Treatment Center,health,"['health', 'point_of_interest', 'establishment']","1450 Madison Ave, New York, NY 10029, USA",1450,Madison Avenue,Manhattan,New York,New York County,10029,New York,United States,40.7896059,-73.9527651,OPERATIONAL,Manhattan,dialysis center
ChIJxxVVjAVZwokRriySUmYBnjU,Lower Manhattan Dialysis Center,health,"['doctor', 'health', 'point_of_interest', 'establishment']","323 E 34th St, New York, NY 10016, USA",323,East 34th Street,Manhattan,New York,New York County,10016,New York,United States,40.7446288,-73.9747843,OPERATIONAL,Manhattan,dialysis center
ChIJhfKWJrL3wokR4JnpcOWWnwU,Park Avenue Dialysis Center,health,"['health', 'point_of_interest', 'establishment']","116 E 124th St, New York, NY 10035, USA",116,East 124th Street,Manhattan,New York,New York County,10035,New York,United States,40.803913099999995,-73.9386672,OPERATIONAL,Manhattan,dialysis center
ChIJaVqoITBfwokRAzHYOg3s3GI,Astoria Dialysis Center,health,"['health', 'point_of_interest', 'establishment']","34-01 35th Ave, Astoria, NY 11106, USA",34-01,35th Avenue,Queens,,Queens County,11106,New York,United States,40.757160999999996,-73.92566599999999,OPERATIONAL,Manhattan,dialysis center
ChIJrY1rU0ZfwokRTEf0pGt3EA0,Newtown Dialysis Center,health,"['health', 'point_of_interest', 'establishment']","29-20 Newtown Ave, Astoria, NY 11102, USA",29-20,Newtown Avenue,Queens,,Queens County,11102,New York,United States,40.768577,-73.921836,OPERATIONAL,Manhattan,dialysis center
ChIJ0Qhs5MNYwokR2gcIWwy4wgE,The Rogosin Institute,health,"['doctor', 'health', 'point_of_interest', 'establishment']","505 E 70th St, New York, NY 10021, USA",505,East 70th Street,Manhattan,New York,New York County,10021,New York,United States,40.7657186,-73.9541658,OPERATIONAL,Manhattan,dialysis center
ChIJ64HU7QVfwokRWOjkpM23Ieg,Fresenius Kidney Care Queens Artificial Kidney Center,health,"['health', 'point_of_interest', 'establishment']","34-35 70th St, Jackson Heights, NY 11372, USA",34-35,70th Street,Queens,,Queens County,11372,New York,United States,40.7517512,-73.89578589999999,OPERATIONAL,Manhattan,dialysis center
ChIJr_oJ6mv2wokRwqAPN_klC7w,Avantus Renal Therapy Harlem Green,health,"['health', 'point_of_interest', 'establishment']","488 W 128th St, New York, NY 10027, USA",488,West 128th Street,Manhattan,New York,New York County,10027,New York,United States,40.8141317,-73.9548889,OPERATIONAL,Manhattan,dialysis center
ChIJyZ2ZCndYwokRLYpPMySJjJI,DaVita Dialysis At Palisades Medical Center,health,"['hospital', 'health', 'point_of_interest', 'establishment']","7650 River Rd Ste 150, North Bergen, NJ 07047, USA",7650,River Road,,North Bergen,Hudson County,07047,New Jersey,United States,40.7942961,-73.99543349999999,OPERATIONAL,Manhattan,dialysis center
ChIJf46WxVRawokRx5F-hkQF514,Fresenius Kidney Care Park Slope Dialysis Center,health,"['health', 'point_of_interest', 'establishment']","595 Degraw St, Brooklyn, NY 11217, USA",595,Degraw Street,Brooklyn,,Kings County,11217,New York,United States,40.679527199999995,-73.98385619999999,OPERATIONAL,Manhattan,dialysis center
ChIJmZmmfw1ewokR2eunX3Z8Lx4,Genesis Renal Care Dialysis,health,"['health', 'point_of_interest', 'establishment']","74-07 88th St, Glendale, NY 11385, USA",74-07,88th Street,Queens,,Queens County,11385,New York,United States,40.7082294,-73.8626865,OPERATIONAL,Manhattan,dialysis center
ChIJcSoCosD3wokRKubwW5maKz8,Fresenius Kidney Care Fairview,health,"['health', 'point_of_interest', 'establishment']","155 Bergen Blvd, Fairview, NJ 07022, USA",155,Bergen Boulevard,,Fairview,Bergen County,07022,New Jersey,United States,40.8169069,-74.0023774,OPERATIONAL,Manhattan,dialysis center
ChIJmyn-MWBZwokRWdPbBvF6-Pk,Rogosin West Side Dialysis,health,"['health', 'point_of_interest', 'establishment']","619 W 54th St, New York, NY 10019, USA",619,West 54th Street,Manhattan,New York,New York County,10019,New York,United States,40.7691763,-73.9935627,OPERATIONAL,Manhattan,dialysis center
ChIJx-ahYQBbwokRqWOUOlv2d68,Williamsburg Dialysis Center,health,"['health', 'point_of_interest', 'establishment']","89 Bartlett St, Brooklyn, NY 11206, USA",89,Bartlett Street,Brooklyn,,Kings County,11206,New York,United States,40.702210799999996,-73.94502899999999,OPERATIONAL,Manhattan,dialysis center
ChIJHcVXt9H2wokRZcs91GXNhHE,Hudson Crossing Surgery Center,health,"['health', 'point_of_interest', 'establishment']","2 Executive Dr #100, Fort Lee, NJ 07024, USA",2,Executive Drive,,Fort Lee,Bergen County,07024,New Jersey,United States,40.8654444,-73.9730415,OPERATIONAL,Manhattan,surgery center
ChIJRU0mHZhYwokRkt0QYB6Cjjg,Fifth Avenue Surgery Center,health,"['health', 'point_of_interest', 'establishment']","1049 5th Ave, New York, NY 10028, USA",1049,5th Avenue,Manhattan,New York,New York County,10028,New York,United States,40.7812991,-73.96038399999999,OPERATIONAL,Manhattan,surgery center
ChIJAw3Pex1ZwokRV3YHPPOV2zg,Midtown Surgery Center,health,"['health', 'point_of_interest', 'establishment']","1210 2nd Ave, New York, NY 10065, USA",1210,2nd Avenue,Manhattan,New York,New York County,10065,New York,United States,40.763366,-73.9619735,OPERATIONAL,Manhattan,surgery center
ChIJo4ay2FpYwokRW7GmG2Zv73k,Manhattan Surgery Center,health,"['doctor', 'health', 'point_of_interest', 'establishment']","619 W 54th St, New York, NY 10019, USA",619,West 54th Street,Manhattan,New York,New York County,10019,New York,United States,40.7689192,-73.9936647,OPERATIONAL,Manhattan,surgery center
ChIJZRpU5yNZwokRcaH1IrTxa8E,Hudson Specialty Surgery Center,health,"['health', 'point_of_interest', 'establishment']","450 W 31st St, New York, NY 10001, USA",450,West 31st Street,Manhattan,New York,New York County,10001,New York,United States,40.7521181,-74.0001291,OPERATIONAL,Manhattan,surgery center
ChIJxWm7HxZfwokRI04A_p4sMz4,New York Surgery Center Queens,health,"['health', 'point_of_interest', 'establishment']","46-04 31st Ave, Astoria, NY 11103, USA",46-04,31st Avenue,Queens,,Queens County,11103,New York,United States,40.758876099999995,-73.91228360000001,OPERATIONAL,Manhattan,surgery center
ChIJgT-tAg9ZwokRVCNxTh8c7vs,NYU Langone Medical Center Outpatient Surgery,health,"['health', 'point_of_interest', 'establishment']","339 E 38th St, New York, NY 10016, USA",339,East 38th Street,Manhattan,New York,New York County,10016,New York,United States,40.7465106,-73.9719171,OPERATIONAL,Manhattan,surgery center
ChIJx141rZXnwokRsW6WXdZKqV0,Surgicare of Westside,health,"['health', 'point_of_interest', 'establishment']","438 W 51st St, New York, NY 10019, USA",438,West 51st Street,Manhattan,New York,New York County,10019,New York,United States,40.7647171,-73.990242,OPERATIONAL,Manhattan,surgery center
ChIJgQdfwr34wokRUFtSS4ptwvA,Meadows Surgery Center,health,"['health', 'point_of_interest', 'establishment']","75 Orient Wy, Rutherford, NJ 07070, USA",75,Orient Way,,Rutherford,Bergen County,07070,New Jersey,United States,40.825383599999995,-74.10189439999999,OPERATIONAL,Manhattan,surgery center
ChIJwV7UNlD-wokRDYVy-P-Hu8c,Clifton Surgery Center,health,"['health', 'point_of_interest', 'establishment']","1117 US-46 #303, Clifton, NJ 07013, USA",1117,U.S. 46,,Clifton,Passaic County,07013,New Jersey,United States,40.869949299999995,-74.18161119999999,OPERATIONAL,Manhattan,surgery center
ChIJbVi08gpZwokRyc2JgF_4syE,"Gramercy Surgery Center, Inc",health,"['doctor', 'health', 'point_of_interest', 'establishment']","380 2nd Ave #1000, Fl 10, New York, NY 10010, USA",,,Manhattan,New York,New York County,10010,New York,United States,40.7369792,-73.98135289999999,OPERATIONAL,Manhattan,surgery center
ChIJe3mwAb5ZwokRs3BwqqN9ZoI,Northwell Health Greenwich Ambulatory Surgery Center,health,"['health', 'point_of_interest', 'establishment']","200 W 13th St, New York, NY 10011, USA",200,West 13th Street,Manhattan,New York,New York County,10011,New York,United States,40.7379215,-74.0008399,OPERATIONAL,Manhattan,surgery center
ChIJWcSpxJpZwokRe8L_2aYvYZ4,Surgicare of Manhattan,health,"['health', 'point_of_interest', 'establishment']","800 2nd Ave, New York, NY 10017, USA",800,2nd Avenue,Manhattan,New York,New York County,10017,New York,United States,40.749910799999995,-73.9717539,OPERATIONAL,Manhattan,surgery center
ChIJub0zljOsw4kR_ago7jRpwlg,Short Hills Surgery Center,health,"['health', 'point_of_interest', 'establishment']","187 Millburn Ave, Millburn, NJ 07041, USA",187,Millburn Avenue,,Millburn,Essex County,07041,New Jersey,United States,40.7235389,-74.2958738,OPERATIONAL,Manhattan,surgery center
ChIJJWHNS_n1wokRdYjQ3-RKRsg,Triborough Ambulatory Surgery Center,health,"['health', 'point_of_interest', 'establishment']","550 E 180th St, Bronx, NY 10457, USA",550,East 180th Street,The Bronx,,Bronx County,10457,New York,United States,40.850164799999995,-73.8934759,OPERATIONAL,Manhattan,surgery center
ChIJrYEjY3f6wokRlA8EUxP9sL4,Metropolitan Surgery Center,health,"['health', 'point_of_interest', 'establishment']","433 Hackensack Ave, Hackensack, NJ 07601, USA",433,Hackensack Avenue,,Hackensack,Bergen County,07601,New Jersey,United States,40.9099205,-74.033746,OPERATIONAL,Manhattan,surgery center
ChIJmw2Ujuj2wokR9APcI7FzAQY,Advanced Surgery Center,health,"['health', 'point_of_interest', 'establishment']","1608 Lemoine Ave # 101, Fort Lee, NJ 07024, USA",1608,Lemoine Avenue,,Fort Lee,Bergen County,07024,New Jersey,United States,40.8490945,-73.9701056,OPERATIONAL,Manhattan,surgery center
ChIJK2RSEaL4wokRiE3AFyp75fw,Riverside Surgical Center of Rutherford,health,"['health', 'point_of_interest', 'establishment']","201 NJ-17 #12th, Rutherford, NJ 07070, USA",201,New Jersey 17,,Rutherford,Bergen County,07070,New Jersey,United States,40.8171515,-74.1015139,OPERATIONAL,Manhattan,surgery center
ChIJZRybUqb5wokRg0gCKv_dkAg,Hasbrouck Heights Surgery Center,health,"['health', 'point_of_interest', 'establishment']","214 Terrace Ave, Hasbrouck Heights, NJ 07604, USA",214,Terrace Avenue,,Hasbrouck Heights,Bergen County,07604,New Jersey,United States,40.8584278,-74.0737372,OPERATIONAL,Manhattan,surgery center
ChIJfcrPapBhwokRSKZhJ77KIeA,Queens Surgical Center,health,"['health', 'point_of_interest', 'establishment']","36-36 Main St #1S, Flushing, NY 11354, USA",36-36,Main Street,Queens,,Queens County,11354,New York,United States,40.7621903,-73.831754,OPERATIONAL,Manhattan,surgery center
