full_address,latitude,longitude,location_type
"1 WARDS IS, NEW YORK, NY 10035, USA",40.632836,-74.0829975,GEOMETRIC_CENTER
"125 BROAD STREET, NEW YORK, NY 10004, USA",40.7024394,-74.0111395,ROOFTOP
"17 STATE ST, NEW YORK, NY 10004, USA",40.7030069,-74.0140503,ROOFTOP
"50 WATER ST FL 6, NEW YORK, NY 10004, USA",40.7037027,-74.0099832,ROOFTOP
"90 BROAD ST RM 1038, NEW YORK, NY 10004, USA",40.7038252,-74.011978,ROOFTOP
"1 NEW YORK PLZ, NEW YORK, NY 10004, USA",40.7038704,-74.0138541,APPROXIMATE
"120 WALL ST STE 175, NEW YORK, NY 10005, USA",40.7047463,-74.0060156,ROOFTOP
"42 BROADWAY FL 12, NEW YORK, NY 10004, USA",40.70597960000001,-74.01260289999999,ROOFTOP
"42 BROADWAY, NEW YORK, NY 10004, USA",40.7059925,-74.01296099999999,ROOFTOP
"60 WALL ST, NEW YORK, NY 10005, USA",40.7062255,-74.00839119999999,ROOFTOP
"39 BROADWAY RM 630, NEW YORK, NY 10006, USA",40.7062925,-74.01307650000001,ROOFTOP
"24 BROAD STREET, NEW YORK, NY 10005, USA",40.7064941,-74.01126649999999,ROOFTOP
"90 MAIDEN LN, NEW YORK, NY 10038, USA",40.7067114,-74.0074489,ROOFTOP
"160 WATER ST, NEW YORK, NY 10038, USA",40.7070356,-74.0060225,ROOFTOP
"65 BROADWAY FLOOR 14, NEW YORK, NY 10006, USA",40.7071688,-74.0124148,ROOFTOP
"80 MAIDEN LN, NEW YORK, NY 10038, USA",40.7072072,-74.0075755,ROOFTOP
"65 BROADWAY FL 21, NEW YORK, NY 10006, USA",40.7072168,-74.0124979,ROOFTOP
"65 BROADWAY STE 1804, NEW YORK, NY 10006, USA",40.7072168,-74.0124979,ROOFTOP
"83 MAIDEN LN, NEW YORK, NY 10038, USA",40.7075186,-74.0075098,ROOFTOP
"75 MAIDEN LN, NEW YORK, NY 10038, USA",40.7076971,-74.0076924,ROOFTOP
"75 MAIDEN LN FL 10, NEW YORK, NY 10038, USA",40.7076971,-74.0076924,ROOFTOP
"2 RECTOR ST # 1301, NEW YORK, NY 10006, USA",40.7080325,-74.0131552,ROOFTOP
"115 BROADWAY STE 1800, NEW YORK, NY 10006, USA",40.708825,-74.0112237,ROOFTOP
"150 BROADWAY RM 712, NEW YORK, NY 10038, USA",40.7091691,-74.01010409999999,ROOFTOP
"150 BROADWAY RM 900, NEW YORK, NY 10038, USA",40.7091865,-74.01011919999999,ROOFTOP
"150 BROADWAY, NEW YORK, NY 10038, USA",40.7093047,-74.0102576,ROOFTOP
"160 BROADWAY BLDG 6TH FLOOR, NEW YORK, NY 10038, USA",40.7093746,-74.0099791,ROOFTOP
"106 LIBERTY ST, NEW YORK, NY 10006, USA",40.7096074,-74.011949,ROOFTOP
"170 BROADWAY, NEW YORK, NY 10038, USA",40.7096145,-74.0098708,ROOFTOP
"165 BROADWAY FL 23, NEW YORK, NY 10006, USA",40.7096195,-74.01050839999999,ROOFTOP
"1 MAIDEN LN FL 4, NEW YORK, NY 10038, USA",40.7098148,-74.0097205,ROOFTOP
"156 WILLIAM ST FL 4, NEW YORK, NY 10038, USA",40.7099635,-74.0059546,ROOFTOP
"170 WILLIAM STREET, NEW YORK, NY 10038, USA",40.7101668,-74.0048564,GEOMETRIC_CENTER
"170 WILLIAM ST, NEW YORK, NY 10038, USA",40.7101668,-74.0048564,GEOMETRIC_CENTER
"83 GOLD ST, NEW YORK, NY 10038, USA",40.7103086,-74.0050016,ROOFTOP
"138 FULTON ST, NEW YORK, NY 10038, USA",40.71033,-74.0082822,ROOFTOP
"253 SOUTH ST, NEW YORK, NY 10002, USA",40.710344,-73.9905785,ROOFTOP
"139 FULTON STREET, NEW YORK, NY 10038, USA",40.7103509,-74.0078264,ROOFTOP
"139 FULTON ST RM 719, NEW YORK, NY 10038, USA",40.7104617,-74.0077673,ROOFTOP
"139 FULTON ST RM 717, NEW YORK, NY 10038, USA",40.7104618,-74.0077673,ROOFTOP
"139 FULTON STREET, SUITE # 208, NEW YORK, NY 10038, USA",40.7104709,-74.00778810000001,ROOFTOP
"7 DEY ST, NEW YORK, NY 10007, USA",40.7105849,-74.0100978,ROOFTOP
"44 MONROE ST # A24, NEW YORK, NY 10002, USA",40.711068,-73.994486,ROOFTOP
"675 WATER STREET, APT 16D, NEW YORK, NY 10002, USA",40.7112386,-73.9813817,ROOFTOP
"225 BROADWAY STE 910, NEW YORK, NY 10007, USA",40.7119428,-74.0085741,ROOFTOP
"40 MONTGOMERY ST, NEW YORK, NY 10002, USA",40.7126971,-73.9857348,ROOFTOP
"40 MONTGOMERY STREET, NEW YORK, NY 10002, USA",40.7126971,-73.9857348,ROOFTOP
"227 MADISON ST, NEW YORK, NY 10002, USA",40.7131148,-73.9877376,ROOFTOP
"100 CHURCH ST FL 8, NEW YORK, NY 10007, USA",40.713174,-74.0102115,ROOFTOP
"473 FDR DR, NEW YORK, NY 10002, USA",40.713569,-73.9777409,ROOFTOP
"107 E BROADWAY FL 3, NEW YORK, NY 10002, USA",40.7136129,-73.9930048,ROOFTOP
"17 MURRAY ST, NEW YORK, NY 10007, USA",40.7136968,-74.008051,ROOFTOP
"50 MURRAY ST APT 1312, NEW YORK, NY 10007, USA",40.7138171,-74.0093553,ROOFTOP
"2 MOTT ST RM 203, NEW YORK, NY 10013, USA",40.7138425,-73.998498,ROOFTOP
"280 HENRY ST., NEW YORK, NY 10002, USA",40.7138475,-73.9836545,ROOFTOP
"7 DIVISION ST, NEW YORK, NY 10002, USA",40.7139179,-73.99708009999999,ROOFTOP
"7 CHATHAM SQ, NEW YORK, NY 10038, USA",40.7139683,-73.9982093,ROOFTOP
"98 E BROADWAY # 501, NEW YORK, NY 10002, USA",40.7140013,-73.9933839,ROOFTOP
"39 DIVISION ST, NEW YORK, NY 10002, USA",40.7140332,-73.9955899,ROOFTOP
"98 E BROADWAY, NEW YORK, NY 10002, USA",40.7140911,-73.9934248,ROOFTOP
"2 LAFAYETTE STREET, NEW YORK, NY 10007, USA",40.7141052,-74.00386680000001,ROOFTOP
"160 BROADWAY EAST BUILDING 6TH FLOOR EAST, NEW YORK, NY 10038, USA",40.7141913,-73.99049839999999,ROOFTOP
"160 BROADWAY EAST BUILDING 6TH FLOOR, NEW YORK, NY 10038, USA",40.7141913,-73.99049839999999,ROOFTOP
"19 BOWERY, 2/FL., SUITE 1, NEW YORK, NY 10002, USA",40.7142339,-73.9977175,ROOFTOP
"281 BROADWAY, NEW YORK, NY 10007, USA",40.7145417,-74.0063191,ROOFTOP
"19 BOWERY FL 2, NEW YORK, NY 10002, USA",40.7146385,-73.9967441,ROOFTOP
"19 BOWERY, NEW YORK, NY 10002, USA",40.714654,-73.99678589999999,ROOFTOP
"465 GRAND ST, NEW YORK, NY 10002, USA",40.7147772,-73.9839516,ROOFTOP
"87 CHAMBERS STREET, NEW YORK, NY 10007, USA",40.7149319,-74.0070913,ROOFTOP
"116 CHAMBERS ST FL 4, NEW YORK, NY 10007, USA",40.714959,-74.008552,ROOFTOP
"41 MOTT ST FL 5, NEW YORK, NY 10013, USA",40.71515,-73.999003,ROOFTOP
"325 BROADWAY STE 204, NEW YORK, NY 10007, USA",40.7161502,-74.00505009999999,ROOFTOP
"168 CANAL ST FL 4, NEW YORK, NY 10013, USA",40.7163285,-73.99734389999999,ROOFTOP
"168 CANAL ST STE 312, NEW YORK, NY 10013, USA",40.7163285,-73.99734389999999,ROOFTOP
"200 CHAMBERS ST, NEW YORK, NY 10007, USA",40.7165767,-74.0124769,GEOMETRIC_CENTER
"311 GREENWICH ST, NEW YORK, NY 10013, USA",40.7165872,-74.0106018,ROOFTOP
"220 CHURCH ST FL 5, NEW YORK, NY 10013, USA",40.7169382,-74.0069604,ROOFTOP
"41 ELIZABETH ST, NEW YORK, NY 10013, USA",40.7169974,-73.9969277,ROOFTOP
"185 CANAL ST STE 305, NEW YORK, NY 10013, USA",40.7170713,-73.9978067,ROOFTOP
"185 CANAL STREET, NEW YORK, NY 10013, USA",40.7170735,-73.99781469999999,ROOFTOP
"185 CANAL ST # 501, NEW YORK, NY 10013, USA",40.7170735,-73.99781469999999,ROOFTOP
"185 CANAL ST STE 504, NEW YORK, NY 10013, USA",40.7170735,-73.99781469999999,ROOFTOP
"86 BOWERY ST, NEW YORK, NY 10013, USA",40.717172,-73.9958466,ROOFTOP
"86 BOWERY, NEW YORK, NY 10013, USA",40.717172,-73.9958466,ROOFTOP
"350 GRAND ST, NEW YORK, NY 10002, USA",40.7171921,-73.9894666,ROOFTOP
"125 WALKER ST, NEW YORK, NY 10013, USA",40.7172728,-73.9998523,ROOFTOP
"53 ELIZABETH ST # 5A, NEW YORK, NY 10013, USA",40.7172898,-73.9967762,ROOFTOP
"139 CENTRE ST, NEW YORK, NY 10013, USA",40.71731,-74.0007425,ROOFTOP
"139 CENTRE STREET, NEW YORK, NY 10013, USA",40.71731,-74.0007425,ROOFTOP
"139 CENTRE ST STE 609, NEW YORK, NY 10013, USA",40.7175205,-74.00081449999999,ROOFTOP
"139 CENTRE ST STE 202, NEW YORK, NY 10013, USA",40.7175205,-74.00081449999999,ROOFTOP
"139 CENTRE ST STE 502, NEW YORK, NY 10013, USA",40.7175205,-74.00081449999999,ROOFTOP
"118 BAXTER ST STE 206, NEW YORK, NY 10013, USA",40.7179739,-73.9992591,ROOFTOP
"221 CANAL ST, NEW YORK, NY 10013, USA",40.7180014,-73.9996606,ROOFTOP
"118 BAXTER ST STE 303, NEW YORK, NY 10013, USA",40.7180208,-73.99930619999999,ROOFTOP
"81 ELIZABETH STREET, NEW YORK, NY 10013, USA",40.718033,-73.996223,ROOFTOP
"254 CANAL ST, NEW YORK, NY 10013, USA",40.7183984,-74.0008847,ROOFTOP
"5 HARRISON ST, NEW YORK, NY 10013, USA",40.7184999,-74.0092864,ROOFTOP
"138 DELANCEY ST, NEW YORK, NY 10002, USA",40.7185909,-73.9868266,ROOFTOP
"123 LAFAYETTE ST, NEW YORK, NY 10013, USA",40.7186773,-74.00002719999999,ROOFTOP
"268 CANAL ST, NEW YORK, NY 10013, USA",40.718749,-74.00132839999999,ROOFTOP
"126 LAFAYETTE ST, NEW YORK, NY 10013, USA",40.7188683,-74.00043509999999,ROOFTOP
"265 CANAL ST, NEW YORK, NY 10013, USA",40.71906320000001,-74.0008623,ROOFTOP
"179 FRANKLIN ST UNIT 4R, NEW YORK, NY 10013, USA",40.7191955,-74.0095619,ROOFTOP
"184 ELDRIDGE ST, NEW YORK, NY 10002, USA",40.7203192,-73.9905807,ROOFTOP
"186 NORFOLK ST APT 2D, NEW YORK, NY 10002, USA",40.7215088,-73.9856566,ROOFTOP
"279 E 3RD ST, NEW YORK, NY 10009, USA",40.7215718,-73.9800563,ROOFTOP
"255 E HOUSTON ST, NEW YORK, NY 10002, USA",40.7216329,-73.9849528,ROOFTOP
"256 WEST ST, NEW YORK, NY 10013, USA",40.7224776,-74.0113293,ROOFTOP
"227 MULBERRY ST BSMT, NEW YORK, NY 10012, USA",40.7225449,-73.9961509,ROOFTOP
"24 PRINCE ST APT 4, NEW YORK, NY 10012, USA",40.7227188,-73.9946416,ROOFTOP
"114 E 1ST ST APT 7, NEW YORK, NY 10009, USA",40.72274540000001,-73.9866104,ROOFTOP
"101 6TH AVE FL 3, NEW YORK, NY 10013, USA",40.723405,-74.0052457,ROOFTOP
"540 E 5TH ST, NEW YORK, NY 10009, USA",40.7240323,-73.9827537,ROOFTOP
"121 AVENUE OF THE AMERICAS, NEW YORK, NY 10013, USA",40.7240978,-74.0052743,ROOFTOP
"557 BROADWAY, NEW YORK, NY 10012, USA",40.7241131,-73.998334,ROOFTOP
"584 BROADWAY, NEW YORK, NY 10012, USA",40.7245682,-73.9970222,ROOFTOP
"594 BROADWAY RM 1207, NEW YORK, NY 10012, USA",40.7248688,-73.9968682,ROOFTOP
"594 BROADWAY, NEW YORK, NY 10012, USA",40.7249076,-73.9969964,ROOFTOP
"598 BROADWAY, NEW YORK, NY 10012, USA",40.72491300000001,-73.99636319999999,ROOFTOP
"178 E 7TH ST, NEW YORK, NY 10009, USA",40.7250765,-73.9816951,ROOFTOP
"497 GREENWICH ST, NEW YORK, NY 10013, USA",40.7253596,-74.0090077,ROOFTOP
"96 E 4TH ST, NEW YORK, NY 10003, USA",40.7257002,-73.9888447,ROOFTOP
"8 E 3RD ST, NEW YORK, NY 10003, USA",40.7258567,-73.9910376,ROOFTOP
"611 BROADWAY, NEW YORK, NY 10012, USA",40.7258991,-73.9966034,ROOFTOP
"97 E 4TH ST, NEW YORK, NY 10003, USA",40.726009,-73.9886497,ROOFTOP
"636 BROADWAY FL 2, NEW YORK, NY 10012, USA",40.7260458,-73.9954338,ROOFTOP
"315 HUDSON ST, NEW YORK, NY 10013, USA",40.7261772,-74.00766899999999,ROOFTOP
"80 VANDAM ST, NEW YORK, NY 10013, USA",40.7265646,-74.0078844,ROOFTOP
"654 BROADWAY, NEW YORK, NY 10012, USA",40.7268138,-73.9951731,ROOFTOP
"100 2ND AVE, NEW YORK, NY 10003, USA",40.7270657,-73.98824979999999,ROOFTOP
"57 SAINT MARKS PL, NEW YORK, NY 10003, USA",40.72836239999999,-73.98634729999999,ROOFTOP
"215 THOMPSON ST STE 125, NEW YORK, NY 10012, USA",40.72909490000001,-73.9994191,ROOFTOP
"734 BROADWAY APT 1, NEW YORK, NY 10003, USA",40.7295204,-73.9929317,ROOFTOP
"1 1ST AVE, NEW YORK, NY 10003, USA",40.7300331,-73.9833235,ROOFTOP
"33 CARMINE ST # 2, NEW YORK, NY 10014, USA",40.7302914,-74.0032496,ROOFTOP
"331 6TH AVE, NEW YORK, NY 10014, USA",40.7314195,-74.00147249999999,ROOFTOP
"31 WASHINGTON SQ W, NEW YORK, NY 10011, USA",40.7319112,-73.9990833,ROOFTOP
"310 EAST 14TH STREET, NEW YORK, NY 10003, USA",40.7319493,-73.9845869,ROOFTOP
"310 EAST 14TH STREET, NEW YORK CITY, NY 10003, USA",40.7319493,-73.9845869,ROOFTOP
"16TH STREET FIRST AVENUE, NEW YORK, NY 10003, USA",40.732686,-73.9816218,GEOMETRIC_CENTER
"1ST AVE AT 16TH STREET, NEW YORK, NY 10003, USA",40.732686,-73.9816218,GEOMETRIC_CENTER
"16TH STREET AND FIRST AVE, NEW YORK, NY 10003, USA",40.732686,-73.9816218,GEOMETRIC_CENTER
"216 E 14TH ST, NEW YORK, NY 10003, USA",40.7327835,-73.9866134,ROOFTOP
"281 1ST AVE, NEW YORK, NY 10003, USA",40.7328669,-73.9817051,ROOFTOP
"52 E 11TH ST, NEW YORK, NY 10003, USA",40.7328794,-73.9928108,ROOFTOP
"10 NATHAN D PERLMAN PLACE, SUITE 12S34, NY 10003, USA",40.7330104,-73.98318379999999,ROOFTOP
"10 NATHAN D PERLMAN PL, NEW YORK, NY 10003, USA",40.7330104,-73.98318379999999,ROOFTOP
"817 BROADWAY, NEW YORK, NY 10003, USA",40.7331293,-73.9913302,ROOFTOP
"350 E 17TH STREET 18TH FLOOR, NEW YORK, NY 10003, USA",40.7331694,-73.98158649999999,ROOFTOP
"30 5TH AVE, NEW YORK, NY 10011, USA",40.7333625,-73.99576239999999,ROOFTOP
"30 FIFTH AVENUE, NEW YORK, NY 10011, USA",40.7333625,-73.99576239999999,ROOFTOP
"531 E 20TH ST APT 11E, NEW YORK, NY 10010, USA",40.733726,-73.9766264,ROOFTOP
"24 E 12TH ST, NEW YORK, NY 10003, USA",40.7338882,-73.99331819999999,ROOFTOP
"412 6TH AVENUE, NEW YORK, NY 10011, USA",40.7338964,-73.99908289999999,ROOFTOP
"440 E 20TH ST, NEW YORK, NY 10009, USA",40.733947,-73.9783733,ROOFTOP
"327 E 17TH ST, NEW YORK, NY 10003, USA",40.7339551,-73.9823318,ROOFTOP
"317 E 17TH ST FL 1, NEW YORK, NY 10003, USA",40.7341759,-73.982687,ROOFTOP
"317 E 17TH ST STE 2F05, NEW YORK, NY 10003, USA",40.7341759,-73.982687,ROOFTOP
"317 E 17TH ST, NEW YORK, NY 10003, USA",40.7341759,-73.982687,ROOFTOP
"31 W 10TH ST APT 1A, NEW YORK, NY 10011, USA",40.7342911,-73.99696519999999,ROOFTOP
"113 UNIVERSITY PLACE, NEW YORK, NY 10003, USA",40.7343186,-73.9922935,ROOFTOP
"301 E 17TH ST, NEW YORK, NY 10003, USA",40.7343532,-73.9829855,ROOFTOP
"130 7TH AVE S, NEW YORK, NY 10014, USA",40.7345726,-74.00245799999999,ROOFTOP
"853 BROADWAY STE 2001, NEW YORK, NY 10003, USA",40.7346478,-73.99104299999999,ROOFTOP
"10 UNION SQUARE EAST, NEW YORK, NY 10003, USA",40.7347831,-73.9894303,ROOFTOP
"10 UNION SQ E, NEW YORK, NY 10003, USA",40.7347831,-73.9894303,ROOFTOP
"62 CHARLES ST, NEW YORK, NY 10014, USA",40.7348316,-74.0029255,ROOFTOP
"3 PETER COOPER RD, NEW YORK, NY 10010, USA",40.7348419,-73.977631,GEOMETRIC_CENTER
"32 UNION SQ E STE 402, NEW YORK, NY 10003, USA",40.7354868,-73.9892065,ROOFTOP
"32 UNION SQ E STE 603, NEW YORK, NY 10003, USA",40.7355089,-73.9893123,ROOFTOP
"32 UNION SQ E STE 1115, NEW YORK, NY 10003, USA",40.7356752,-73.98926399999999,ROOFTOP
"5 UNION SQ W # 1053, NEW YORK, NY 10003, USA",40.7357519,-73.99179509999999,ROOFTOP
"16 E 16TH ST, NEW YORK, NY 10003, USA",40.7357722,-73.9889383,GEOMETRIC_CENTER
"100 W 12TH ST APT 2C, NEW YORK, NY 10011, USA",40.7359036,-73.9978704,ROOFTOP
"19 UNION SQ W, NEW YORK, NY 10003, USA",40.7360918,-73.9912607,ROOFTOP
"130 E 18TH ST STE 1U, NEW YORK, NY 10003, USA",40.7361064,-73.9865382,ROOFTOP
"227 E 19TH ST, NEW YORK, NY 10003, USA",40.7361847,-73.98355389999999,GEOMETRIC_CENTER
"430 E 23RD ST, NEW YORK, NY 10010, USA",40.7362686,-73.9770748,RANGE_INTERPOLATED
"153 W 11TH ST, NEW YORK, NY 10011, USA",40.7364656,-74.00052529999999,ROOFTOP
"144 W 12TH ST, NEW YORK, NY 10011, USA",40.73653789999999,-73.9993717,ROOFTOP
"151 E 19TH ST, NEW YORK, NY 10003, USA",40.7365945,-73.9851561,ROOFTOP
"67 IRVING PLACE 10 TH FLOOR, NEW YORK, NY 10003, USA",40.7367035,-73.9870253,ROOFTOP
"67 IRVING PL, NEW YORK, NY 10003, USA",40.736719,-73.9870095,ROOFTOP
"511 6TH AVE # 7260, NEW YORK, NY 10011, USA",40.7368679,-73.9974174,ROOFTOP
"371 2ND AVE, NEW YORK, NY 10010, USA",40.7368688,-73.9819748,ROOFTOP
"380 2ND AVE, NEW YORK, NY 10010, USA",40.7369062,-73.98136389999999,ROOFTOP
"170 W 12TH ST, NEW YORK, NY 10011, USA",40.7369108,-74.00031109999999,ROOFTOP
"200 PARK AVE S, NEW YORK, NY 10003, USA",40.73696109999999,-73.98920269999999,ROOFTOP
"37 UNION SQ W, NEW YORK, NY 10003, USA",40.7370057,-73.990792,ROOFTOP
"247 3RD AVE, NEW YORK, NY 10010, USA",40.7370358,-73.98418889999999,ROOFTOP
"423 EAST 23RD STREET, NY, NY 10010, USA",40.7370457,-73.9768461,ROOFTOP
"423 E 23RD ST, NEW YORK, NY 10010, USA",40.7370457,-73.9768461,ROOFTOP
"13 E 16TH ST, NEW YORK, NY 10003, USA",40.7371037,-73.9915714,ROOFTOP
"85 5TH AVE STE 910, NEW YORK, NY 10003, USA",40.7372973,-73.9921861,ROOFTOP
"85 5TH AVE FL 8, NEW YORK, NY 10003, USA",40.7373074,-73.9922382,ROOFTOP
"233 PARK AVE S, NEW YORK, NY 10003, USA",40.7374674,-73.9879206,ROOFTOP
"25 WATERSIDE PLZ, NEW YORK, NY 10010, USA",40.7375525,-73.9737789,ROOFTOP
"203 W 12TH ST, NEW YORK, NY 10011, USA",40.73758429999999,-74.0010379,ROOFTOP
"340 E 24TH ST, NEW YORK, NY 10010, USA",40.7376441,-73.9788312,ROOFTOP
"40 WATERSIDE PLZ APT 8L, NEW YORK, NY 10010, USA",40.7377931,-73.97362509999999,ROOFTOP
"30 WATERSIDE PLZ, NEW YORK, NY 10010, USA",40.7378223,-73.9729358,ROOFTOP
"200 W 13TH ST, NEW YORK, NY 10011, USA",40.7378675,-74.0008189,ROOFTOP
"345 E 24TH ST, NEW YORK, NY 10010, USA",40.73792539999999,-73.9784116,GEOMETRIC_CENTER
"44 GRAMERCY PARK N, NEW YORK, NY 10010, USA",40.7379766,-73.9847353,ROOFTOP
"208 W 13TH ST, NEW YORK, NY 10011, USA",40.7380516,-74.0010779,ROOFTOP
"234 E 23RD ST, NEW YORK, NY 10010, USA",40.7380589,-73.9817831,ROOFTOP
"250 PARK AVE S, NEW YORK, NY 10003, USA",40.7382621,-73.98821989999999,ROOFTOP
"216 E 23RD ST, NEW YORK, NY 10010, USA",40.7383423,-73.9823998,ROOFTOP
"212 E 23RD ST, NEW YORK, NY 10010, USA",40.7383755,-73.9824338,ROOFTOP
"111 5TH AVE, NEW YORK, NY 10003, USA",40.73845350000001,-73.9912046,ROOFTOP
"7 LEXINGTON AVE, NEW YORK, NY 10010, USA",40.7385907,-73.9851379,ROOFTOP
"30 EAST 20TH STREET, NEW YORK, NY 10003, USA",40.7385961,-73.9886551,ROOFTOP
"900 BROADWAY, NEW YORK, NY 10003, USA",40.73885749999999,-73.9895466,ROOFTOP
"462 1ST AVE, NEW YORK, NY 10016, USA",40.7388717,-73.9752894,GEOMETRIC_CENTER
"462 FIRST AVE, NEW YORK, NY 10026, USA",40.7388717,-73.9752894,GEOMETRIC_CENTER
"14 W 14TH ST, NEW YORK, NY 10011, USA",40.738969,-74.00067,GEOMETRIC_CENTER
"46 E 21ST ST, NEW YORK, NY 10010, USA",40.73908369999999,-73.9881712,ROOFTOP
"138 5TH AVE FL 2, NEW YORK, NY 10011, USA",40.7390851,-73.9918869,ROOFTOP
"452 1ST AVE, NEW YORK, NY 10016, USA",40.7391684,-73.976467,ROOFTOP
"122 E 23RD ST, NEW YORK, NY 10010, USA",40.7393775,-73.98552579999999,ROOFTOP
"455 FIRST AVENUE, NEW YORK, NY 10013, USA",40.7394052,-73.9776358,ROOFTOP
"137 5TH AVE, NEW YORK, NY 10010, USA",40.7396956,-73.99050390000001,ROOFTOP
"915 BROADWAY STE 1106, NEW YORK, NY 10010, USA",40.7397236,-73.9898552,ROOFTOP
"10 E 21ST ST, NEW YORK, NY 10010, USA",40.7399045,-73.9902024,ROOFTOP
"928 BROADWAY, NEW YORK, NY 10010, USA",40.7399349,-73.9895399,ROOFTOP
"450 E 29TH ST, NEW YORK, NY 10016, USA",40.7399587,-73.9741159,ROOFTOP
"156 5TH AVE STE 822, NEW YORK, NY 10010, USA",40.7400096,-73.99103629999999,ROOFTOP
"928 BROADWAY STE 803, NEW YORK, NY 10010, USA",40.7400692,-73.9893848,ROOFTOP
"113 E 23RD ST, NEW YORK, NY 10010, USA",40.7401561,-73.9856887,ROOFTOP
"243 W 15TH ST APT 2RW, NEW YORK, NY 10011, USA",40.7401927,-74.000866,ROOFTOP
"27 W 20TH ST STE 306, NEW YORK, NY 10011, USA",40.740627,-73.99274199999999,ROOFTOP
"166 5TH AVE, NEW YORK, NY 10010, USA",40.7407172,-73.9906014,ROOFTOP
"37 W 20TH ST, NEW YORK, NY 10011, USA",40.7407938,-73.9933119,ROOFTOP
"230 W 17TH ST, NEW YORK, NY 10011, USA",40.7409512,-73.999838,ROOFTOP
"1 MADISON AVE # LEVEL2B, NEW YORK, NY 10010, USA",40.7409553,-73.9877482,ROOFTOP
"19 W 21ST ST RM 404, NEW YORK, NY 10010, USA",40.7410024,-73.991745,ROOFTOP
"325 WEST 15TH STREET, NEW YORK, NY 10011, USA",40.74121359999999,-74.003478,ROOFTOP
"325 W 15TH ST, NEW YORK, NY 10011, USA",40.74121359999999,-74.003478,ROOFTOP
"270 W 17TH ST APT 11B, NEW YORK, NY 10011, USA",40.7412309,-74.0010072,ROOFTOP
"147 E 26TH ST, NEW YORK, NY 10010, USA",40.7412394,-73.982411,ROOFTOP
"336 E 30TH ST, NEW YORK, NY 10016, USA",40.7413658,-73.9763279,ROOFTOP
"10 AMSTERDAM AVENUE, NEW YORK, NY 10023, USA",40.7414076,-74.0082908,ROOFTOP
"229 E 28TH ST, NEW YORK, NY 10016, USA",40.7414885,-73.97937010000001,ROOFTOP
"332 EAST 30TH ST., NEW YORK, NY 10016, USA",40.7415148,-73.9764046,ROOFTOP
"121A WEST 20TH STREET, NEW YORK, NY 10011, USA",40.7415406,-73.9949582,ROOFTOP
"121 A WEST 20TH ST, NEW YORK, NY 10011, USA",40.7415406,-73.9949582,ROOFTOP
"121A W 20TH ST, NEW YORK, NY 10011, USA",40.7415406,-73.9949582,ROOFTOP
"14 W 23RD ST, NEW YORK, NY 10010, USA",40.74161,-73.99035889999999,ROOFTOP
"51 E 25TH ST, NEW YORK, NY 10010, USA",40.741963,-73.9861542,ROOFTOP
"51 E 25TH ST FL 4, NEW YORK, NY 10010, USA",40.7419726,-73.9861179,ROOFTOP
"550 1ST AVE, NEW YORK, NY 10016, USA",40.7420165,-73.9736533,GEOMETRIC_CENTER
"530 1ST AVENUE, NEW YORK, NY 10016, USA",40.7420311,-73.9743163,ROOFTOP
"530 1ST AVE, NEW YORK, NY 10016, USA",40.7420311,-73.9743163,ROOFTOP
"530 FIRST AVENUE, NEW YORK, NY 10016, USA",40.7420311,-73.9743163,ROOFTOP
"535 2ND AVE, NEW YORK, NY 10016, USA",40.7421969,-73.9780566,ROOFTOP
"377 PARK AVE S FL 2, NEW YORK, NY 10016, USA",40.7423072,-73.98443999999999,ROOFTOP
"545 1ST AVE, NEW YORK, NY 10016, USA",40.7424439,-73.9749599,ROOFTOP
"333 E 30TH ST APT 3K, NEW YORK, NY 10016, USA",40.7426725,-73.9757055,ROOFTOP
"560 FIRST AVE, HCC-13, NEW YORK, NY 10016, USA",40.7428178,-73.97390469999999,ROOFTOP
"560 FIRST AVENUE, NEW YORK, NY 10016, USA",40.7428178,-73.97390469999999,ROOFTOP
"560 1ST AVE, NEW YORK, NY 10016, USA",40.7428178,-73.97390469999999,ROOFTOP
"1115 BROADWAY FL 10, NEW YORK, NY 10010, USA",40.7429695,-73.9892792,ROOFTOP
"356 W 18TH ST, NEW YORK, NY 10011, USA",40.7430261,-74.00316,ROOFTOP
"1115 BROADWAY FL 12, NEW YORK, NY 10010, USA",40.7430966,-73.9897069,ROOFTOP
"16 W 25TH STREET, NEW YORK, NY 10010, USA",40.7432331,-73.9898663,ROOFTOP
"60 MADISON AVE, NEW YORK, NY 10010, USA",40.7432446,-73.98651509999999,ROOFTOP
"400 E 34TH ST RM 515, NEW YORK, NY 10016, USA",40.7432925,-73.9729025,ROOFTOP
"400 E 34TH ST, NEW YORK, NY 10016, USA",40.7432925,-73.9729025,ROOFTOP
"161 W 22ND ST, NEW YORK, NY 10011, USA",40.7433457,-73.9954565,ROOFTOP
"119 W 23RD ST, NEW YORK, NY 10011, USA",40.74349780000001,-73.9934297,ROOFTOP
"119 W. 23RD ST., NEW YORK, NY 10011, USA",40.74349780000001,-73.9934297,ROOFTOP
"119 W 23RD ST STE 804, NEW YORK, NY 10011, USA",40.7435449,-73.9933791,ROOFTOP
"589 1ST AVE, NEW YORK, NY 10016, USA",40.7436363,-73.97392959999999,ROOFTOP
"220 5TH AVE FL 11, NEW YORK, NY 10001, USA",40.7437218,-73.9884016,ROOFTOP
"326 E 34TH ST, NEW YORK, NY 10016, USA",40.7440236,-73.9747192,ROOFTOP
"4 EAST 28TH STREET, NEW YORK, NY 10016, USA",40.7442838,-73.9868008,ROOFTOP
"245 5TH AVE FL 3, NEW YORK, NY 10016, USA",40.7444051,-73.9871555,ROOFTOP
"147 W 24TH ST FL 7, NEW YORK, NY 10011, USA",40.7444453,-73.9941899,ROOFTOP
"225 W 23RD ST, NEW YORK, NY 10011, USA",40.74457719999999,-73.9963994,ROOFTOP
"317E 34TH ST., PEDIATRIC NEUROSURGERY, 10TH FLOOR, NEW YORK, NY 10016, USA",40.7447606,-73.9748783,ROOFTOP
"28 W 27TH ST RM 704, NEW YORK, NY 10001, USA",40.7447719,-73.9899314,ROOFTOP
"150 W 25TH ST, NEW YORK, NY 10001, USA",40.7448054,-73.9938181,ROOFTOP
"145 E 32ND ST, NEW YORK, NY 10016, USA",40.7450533,-73.9799732,ROOFTOP
"145 E 32ND ST GROUND FLOOR, NEW YORK, NY 10023, USA",40.7450533,-73.9799732,ROOFTOP
"122 W 26TH ST RM 701, NEW YORK, NY 10001, USA",40.7450798,-73.9925875,ROOFTOP
"11 EAST 29TH STREET, NEW YORK, NY 10016, USA",40.7451077,-73.985525,ROOFTOP
"11 E 29TH ST, NEW YORK, NY 10016, USA",40.7451077,-73.985525,ROOFTOP
"205 LEXINGTON AVE, NEW YORK, NY 10016, USA",40.74516,-73.9802665,ROOFTOP
"461 PARK AVE SOUTH STE 7A, NEW YORK, NY 10016, USA",40.7452626,-73.98246859999999,ROOFTOP
"461 PARK AVE S, NEW YORK, NY 10016, USA",40.7452626,-73.98246859999999,ROOFTOP
"1178 BROADWAY FL 3, NEW YORK, NY 10001, USA",40.7452688,-73.9883569,ROOFTOP
"475 PARK AVE S, NEW YORK, NY 10016, USA",40.7455198,-73.9822665,ROOFTOP
"275 7TH AVE, NEW YORK, NY 10001, USA",40.7456134,-73.9941716,ROOFTOP
"151 W 26TH ST RM 1001, NEW YORK, NY 10001, USA",40.745759,-73.99339739999999,ROOFTOP
"276 5TH AVE RM 307, NEW YORK, NY 10001, USA",40.7459277,-73.9869172,ROOFTOP
"660 1ST AVE, NEW YORK, NY 10016, USA",40.7460052,-73.9715222,ROOFTOP
"136 MADISON AVE, NEW YORK, NY 10016, USA",40.7462376,-73.9843975,ROOFTOP
"330 E 38TH ST APT 44I, NEW YORK, NY 10016, USA",40.74632829999999,-73.972718,ROOFTOP
"135 W 27TH ST FL 2, NEW YORK, NY 10001, USA",40.74634349999999,-73.99236069999999,ROOFTOP
"400 W 23RD ST, NEW YORK, NY 10011, USA",40.7464234,-74.0017342,ROOFTOP
"345 E 37TH ST RM 301, NEW YORK, NY 10016, USA",40.74644809999999,-73.97288069999999,ROOFTOP
"303 5TH AVE STE 1002, NEW YORK, NY 10016, USA",40.7464563,-73.9854409,ROOFTOP
"303 5TH AVE RM 1209, NEW YORK, NY 10016, USA",40.7464563,-73.9854409,ROOFTOP
"303 5TH AVE RM 1608, NEW YORK, NY 10016, USA",40.7464563,-73.9854409,ROOFTOP
"303 5TH AVE RM 702, NEW YORK, NY 10016, USA",40.746521,-73.9855117,ROOFTOP
"359 W 23RD ST, NEW YORK, NY 10011, USA",40.7465221,-74.0008043,ROOFTOP
"303 5TH AVE RM 703, NEW YORK, NY 10016, USA",40.7465536,-73.9856121,ROOFTOP
"303 5TH AVE, NEW YORK, NY 10016, USA",40.7465944,-73.9856554,ROOFTOP
"333 E 38TH ST, NEW YORK, NY 10016, USA",40.7466537,-73.9718961,ROOFTOP
"161 MADISON AVE, NEW YORK, NY 10016, USA",40.7467565,-73.9833532,ROOFTOP
"167 MADISON AVE RM 205, NEW YORK, NY 10016, USA",40.7469073,-73.9833069,ROOFTOP
"171 MADISON AVE STE 400, NEW YORK, NY 10016, USA",40.7471274,-73.9830513,ROOFTOP
"169 MADISON AVE STE 15282, NEW YORK, NY 10016, USA",40.747151,-73.98304399999999,ROOFTOP
"169 MADISON AVE STE 11270, NEW YORK, NY 10016, USA",40.747151,-73.98304399999999,ROOFTOP
"169 MADISON AVE STE 15705, NEW YORK, NY 10016, USA",40.747151,-73.98304399999999,ROOFTOP
"236 W 27TH ST RM 1003, NEW YORK, NY 10001, USA",40.7472442,-73.9957473,ROOFTOP
"10 E 33RD ST, NEW YORK, NY 10016, USA",40.7472966,-73.98452979999999,ROOFTOP
"10 E 33RD ST FL 2, NEW YORK, NY 10016, USA",40.747327,-73.98450629999999,ROOFTOP
"129 W 29TH ST FL 2, NEW YORK, NY 10001, USA",40.7473685,-73.9911207,ROOFTOP
"240 E 38TH ST, NEW YORK, NY 10016, USA",40.747371,-73.9750627,ROOFTOP
"271 LEXINGTON AVE, NEW YORK, NY 10016, USA",40.7474762,-73.9786218,ROOFTOP
"556 3RD AVE #706, NEW YORK, NY 10016, USA",40.7476014,-73.9770625,ROOFTOP
"561 3RD AVENUE, NEW YORK, NY 10016, USA",40.7476708,-73.9764333,ROOFTOP
"1250 BROADWAY, NEW YORK, NY 10001, USA",40.7476873,-73.9878772,ROOFTOP
"330 7TH AVE, NEW YORK, NY 10001, USA",40.7477871,-73.993184,ROOFTOP
"38 W 32ND ST STE 1300, NEW YORK, NY 10001, USA",40.747805,-73.9872616,ROOFTOP
"38 W 32ND ST, NEW YORK, NY 10001, USA",40.7478068,-73.9872634,ROOFTOP
"185 MADISON AVE STE 1407, NEW YORK, NY 10016, USA",40.7478298,-73.9826365,ROOFTOP
"116-120 E 36TH ST, NEW YORK, NY 10016, USA",40.747832,-73.9794951,ROOFTOP
"2 TUDOR CITY PLACE APT 3EN, NEW YORK, NY 10017, USA",40.7478488,-73.97152799999999,ROOFTOP
"127 WEST 30TH STREET, NEW YORK, NY 10001, USA",40.7480826,-73.9908567,ROOFTOP
"347 5TH AVE STE 1402-235, NEW YORK, NY 10016, USA",40.7481279,-73.98455229999999,ROOFTOP
"347 5TH AVE RM 608, NEW YORK, NY 10016, USA",40.7481279,-73.98455229999999,ROOFTOP
"39 W 32ND ST RM 1502, NEW YORK, NY 10001, USA",40.7481587,-73.9873034,ROOFTOP
"35A E 35TH STREET, NEW YORK, NY 10016, USA",40.7481859,-73.9814803,ROOFTOP
"35 E 35TH ST RM 206A, NEW YORK, NY 10016, USA",40.7482409,-73.9815265,ROOFTOP
"883 6TH AVE., NYC, NY 10001, USA",40.7482481,-73.9891286,ROOFTOP
"352 7TH AVE., NEW YORK, NY 10001, USA",40.7482788,-73.9928381,ROOFTOP
"352 7TH AVE, NEW YORK, NY 10001, USA",40.7482788,-73.9928381,ROOFTOP
"135 E 37TH ST, NEW YORK, NY 10016, USA",40.7483014,-73.9778147,ROOFTOP
"352 7TH AVE RM 705, NEW YORK, NY 10001, USA",40.7483111,-73.9929385,ROOFTOP
"30 PARK AVE, NEW YORK, NY 10016, USA",40.7483217,-73.980871,ROOFTOP
"883 AVENUE OF THE AMERICAS FL 3, NEW YORK, NY 10001, USA",40.748452,-73.989165,ROOFTOP
"363 7TH AVE FL 11, NEW YORK, NY 10001, USA",40.7484919,-73.9920882,ROOFTOP
"227 W 29TH ST, NEW YORK, NY 10001, USA",40.7485126,-73.99400949999999,ROOFTOP
"31 W 34TH ST, NEW YORK, NY 10001, USA",40.7485527,-73.98719679999999,ROOFTOP
"36A EAST 36TH STREET, NEW YORK, NY 10016, USA",40.7486284,-73.9815011,ROOFTOP
"45 PARK AVE, NEW YORK, NY 10016, USA",40.7486592,-73.9797464,ROOFTOP
"224 W 30TH ST RM 903, NEW YORK, NY 10001, USA",40.748827,-73.9937571,ROOFTOP
"1 W 34TH ST # 402B, NEW YORK, NY 10001, USA",40.7488597,-73.9849832,ROOFTOP
"1 W 34TH ST RM 402B, NEW YORK, NY 10001, USA",40.7488597,-73.9849832,ROOFTOP
"1 W 34TH ST RM 200, NEW YORK, NY 10001, USA",40.748926,-73.984935,ROOFTOP
"150 E 39TH ST, NEW YORK, NY 10016, USA",40.7489783,-73.97653319999999,ROOFTOP
"19 W 34TH ST, NEW YORK, NY 10001, USA",40.7492988,-73.9859014,ROOFTOP
"19 W 34TH ST PH, NEW YORK, NY 10001, USA",40.7492988,-73.9859014,ROOFTOP
"19 W 34TH ST PH FLOOR, NEW YORK, NY 10001, USA",40.7492988,-73.9859014,ROOFTOP
"50 PARK AVE APT 11A, NEW YORK, NY 10016, USA",40.7493272,-73.980306,ROOFTOP
"50 W34TH ST, NEW YORK, NY 10001, USA",40.749468,-73.98751290000001,ROOFTOP
"31 W 34TH ST # 7058, NEW YORK, NY 10001, USA",40.7496173,-73.98663189999999,ROOFTOP
"19 E 37TH ST, NEW YORK, NY 10016, USA",40.7496461,-73.9809794,ROOFTOP
"365A WEST 28TH STREET, NEW YORK, NY 10001, USA",40.7496565,-73.99853089999999,ROOFTOP
"110 W 34TH ST, NEW YORK, NY 10001, USA",40.7498492,-73.98853989999999,ROOFTOP
"77 PARK AVE # 12C, NEW YORK, NY 10016, USA",40.7498499,-73.9786714,ROOFTOP
"8 W 36TH ST FL 6, NEW YORK, NY 10018, USA",40.7498904,-73.9844621,ROOFTOP
"130 E 40TH ST, NEW YORK, NY 10016, USA",40.7498925,-73.9767292,ROOFTOP
"353 LEXINGTON AVE # 301, NEW YORK, NY 10016, USA",40.7499334,-73.9768046,ROOFTOP
"353 LEXINGTON AVE RM 1001, NEW YORK, NY 10016, USA",40.7499531,-73.976815,ROOFTOP
"401 5TH AVE BSMT, NEW YORK, NY 10016, USA",40.7499829,-73.9830702,ROOFTOP
"64 W 35TH ST FL 3, NEW YORK, NY 10001, USA",40.7500134,-73.9867344,ROOFTOP
"124 E 40TH ST FL 12, NEW YORK, NY 10016, USA",40.7500889,-73.9773555,ROOFTOP
"124 E 40TH ST, NEW YORK, NY 10016, USA",40.7500889,-73.9773555,ROOFTOP
"800 2ND AVE, NEW YORK, NY 10017, USA",40.7501585,-73.9715702,ROOFTOP
"124 E 40TH ST RM 702, NEW YORK, NY 10016, USA",40.7501807,-73.9773752,ROOFTOP
"104 E 40TH ST, NEW YORK, NY 10016, USA",40.7504111,-73.9780481,ROOFTOP
"369 LEXINGTON AVE STE 800, NEW YORK, NY 10017, USA",40.75053279999999,-73.9764162,ROOFTOP
"369 LEXINGTON AVE RM 12B, NEW YORK, NY 10017, USA",40.75057899999999,-73.9764314,ROOFTOP
"16 W 37TH ST FL 2, NEW YORK, NY 10018, USA",40.7506106,-73.9843513,ROOFTOP
"405 EAST 42ND STREET, NEW YORK, NY 10017, USA",40.7506306,-73.9698793,ROOFTOP
"260 MADISON AVE FL 8, NEW YORK, NY 10016, USA",40.7506831,-73.98112259999999,ROOFTOP
"370 LEXINGTON AVE RM 312, NEW YORK, NY 10017, USA",40.7507224,-73.9768828,ROOFTOP
"820 2ND AVE RM 7, NEW YORK, NY 10017, USA",40.7507488,-73.9710554,ROOFTOP
"53 W 36TH ST RM 204, NEW YORK, NY 10018, USA",40.7508381,-73.9858948,ROOFTOP
"53 W 36TH ST, NEW YORK, NY 10018, USA",40.7508381,-73.9858948,ROOFTOP
"425 5TH AVE UNIT OFFICE 4A, NEW YORK, NY 10016, USA",40.75104,-73.98225169999999,ROOFTOP
"6 E 39TH ST, NEW YORK, NY 10016, USA",40.7511698,-73.98170689999999,ROOFTOP
"131 W 35TH ST, NEW YORK, NY 10001, USA",40.7512291,-73.9886502,ROOFTOP
"547 W 27TH ST STE 529, NEW YORK, NY 10001, USA",40.751259,-74.00434609999999,ROOFTOP
"22 W 38TH ST, NEW YORK, NY 10018, USA",40.7512817,-73.9839901,ROOFTOP
"437 5TH AVE FL 8, NEW YORK, NY 10016, USA",40.7512942,-73.9820388,ROOFTOP
"274 MADISON AVE STE 601B, NEW YORK, NY 10016, USA",40.7513953,-73.98069939999999,ROOFTOP
"274 MADISON AVE, NEW YORK, NY 10016, USA",40.7513953,-73.98069939999999,ROOFTOP
"279 E 44TH ST APT 18D, NEW YORK, NY 10017, USA",40.7514086,-73.97150169999999,ROOFTOP
"280 MADISON AVE RM 1211, NEW YORK, NY 10016, USA",40.7514214,-73.9805145,ROOFTOP
"280 MADISON AVE RM 311, NEW YORK, NY 10016, USA",40.7514308,-73.9806641,ROOFTOP
"16 E 40TH ST FL 2, NEW YORK, NY 10016, USA",40.7515434,-73.9809394,ROOFTOP
"548 W 28TH ST STE 533, NEW YORK, NY 10001, USA",40.7515661,-74.00418719999999,ROOFTOP
"120 PARK AVE, NEW YORK, NY 10017, USA",40.7516882,-73.9783649,ROOFTOP
"295 MADISON AVE, NEW YORK, NY 10017, USA",40.7518131,-73.9792251,ROOFTOP
"469 7TH AVE FL 6TH, NEW YORK, NY 10018, USA",40.7518472,-73.9897747,ROOFTOP
"224 W 35TH ST STE 905, NEW YORK, NY 10001, USA",40.751858,-73.9912983,ROOFTOP
"224 W 35TH ST STE 708, NEW YORK, NY 10001, USA",40.751858,-73.9912983,ROOFTOP
"292 MADISON AVE, NEW YORK, NY 10017, USA",40.75194949999999,-73.9800905,ROOFTOP
"333 E 46TH ST, NEW YORK, NY 10017, USA",40.7520734,-73.96900029999999,ROOFTOP
"450 W 31ST ST # 2S, NEW YORK, NY 10001, USA",40.7521181,-74.0001291,ROOFTOP
"18 E 41ST ST # 1533, NEW YORK, NY 10017, USA",40.75220789999999,-73.9804547,ROOFTOP
"5 PENN PLZ, NEW YORK, NY 10001, USA",40.75223769999999,-73.9940481,ROOFTOP
"225 E 45TH ST, NEW YORK, NY 10017, USA",40.752325,-73.97191389999999,ROOFTOP
"56 W 39TH ST APT 5, NEW YORK, NY 10018, USA",40.752401,-73.9848739,ROOFTOP
"50 E 42ND ST RM 1200, NEW YORK, NY 10017, USA",40.7524369,-73.9790684,ROOFTOP
"50 E 42ND ST RM 1501A, NEW YORK, NY 10017, USA",40.7524544,-73.9789912,ROOFTOP
"315 MADISON AVE RM 806, NEW YORK, NY 10017, USA",40.7524778,-73.9791152,ROOFTOP
"1375 BROADWAY, NEW YORK, NY 10018, USA",40.7525585,-73.9878331,ROOFTOP
"315 MADISON AVE # 1600, NEW YORK, NY 10017, USA",40.75264079999999,-73.9790143,ROOFTOP
"481 8TH AVE # 608, NEW YORK, NY 10001, USA",40.7526907,-73.99353959999999,ROOFTOP
"317 MADISON AVE, NEW YORK, NY 10017, USA",40.7527809,-73.9785073,ROOFTOP
"305 E 47TH ST, NEW YORK, NY 10017, USA",40.7528385,-73.9689989,ROOFTOP
"50 W 40TH ST, NEW YORK, NY 10018, USA",40.7528932,-73.9840589,ROOFTOP
"229 W 36TH ST, NEW YORK, NY 10018, USA",40.7530215,-73.9909457,ROOFTOP
"501 5TH AVE RM 1412, NEW YORK, NY 10017, USA",40.75312,-73.9808998,ROOFTOP
"501 5TH AVE, NEW YORK, NY 10017, USA",40.75312,-73.9808998,ROOFTOP
"730 3RD AVE LOBBY1, NEW YORK, NY 10017, USA",40.7531376,-73.9731815,ROOFTOP
"1410 BROADWAY RM 606, NEW YORK, NY 10018, USA",40.753159,-73.986695,ROOFTOP
"512 7TH AVE FL 14, NEW YORK, NY 10018, USA",40.75319,-73.9889371,ROOFTOP
"501 5TH AVE RM 506, NEW YORK, NY 10017, USA",40.7531944,-73.9807761,ROOFTOP
"501 5TH AVE RM 1204, NEW YORK, NY 10017, USA",40.753198,-73.9808149,ROOFTOP
"501 5TH AVE RM 1605, NEW YORK, NY 10017, USA",40.7532969,-73.98081800000001,ROOFTOP
"338 E 49TH ST, NEW YORK, NY 10017, USA",40.753517,-73.9675268,ROOFTOP
"1412 BROADWAY, NEW YORK, NY 10018, USA",40.753615,-73.9865612,ROOFTOP
"266 W 37TH ST, NEW YORK, NY 10018, USA",40.753801,-73.99189009999999,ROOFTOP
"443 PARK AVE S BSMT, NEW YORK, NY 10016, USA",40.7538638,-73.9787882,ROOFTOP
"1430 BROADWAY RM 1510, NEW YORK, NY 10018, USA",40.7539114,-73.9864056,ROOFTOP
"MMC AT STREETWORKS OUTREACH PROJECT, NEW YORK, NY 10018, USA",40.7541406,-73.9808474,ROOFTOP
"12 E 44TH ST FL 5, NEW YORK, NY 10017, USA",40.75420769999999,-73.9791695,ROOFTOP
"919 2ND AVE, NEW YORK, NY 10017, USA",40.754211,-73.9693705,ROOFTOP
"12 E 44TH ST FL 4, NEW YORK, NY 10017, USA",40.7542252,-73.9791691,ROOFTOP
"777 3RD AVE, NEW YORK, NY 10017, USA",40.7546905,-73.9711154,ROOFTOP
"535 5TH AVE, NEW YORK, NY 10017, USA",40.7548367,-73.97939869999999,ROOFTOP
"20 E 46TH ST RM 200, NEW YORK, NY 10017, USA",40.7549305,-73.9779215,ROOFTOP
"952 2ND AVE, NEW YORK, NY 10022, USA",40.755018,-73.9681825,ROOFTOP
"1460 BROADWAY FL 16, NEW YORK, NY 10036, USA",40.7551279,-73.9861749,ROOFTOP
"347 WEST 37TH STREET, NEW YORK, NY 10018, USA",40.7551346,-73.9939559,ROOFTOP
"307 W 38TH ST, NEW YORK, NY 10018, USA",40.7551715,-73.9924463,ROOFTOP
"36 W 44TH ST STE 302B, NEW YORK, NY 10036, USA",40.7552014,-73.9820767,ROOFTOP
"9 E 45TH ST FL 6, NEW YORK, NY 10017, USA",40.755251,-73.97852,ROOFTOP
"20 E 46TH ST, NEW YORK, NY 10017, USA",40.7552901,-73.9779346,ROOFTOP
"313 E 51ST ST, NEW YORK, NY 10022, USA",40.7553933,-73.9673164,ROOFTOP
"36 W 44TH ST, NEW YORK, NY 10036, USA",40.7554716,-73.9819704,ROOFTOP
"2 W 45TH ST STE 1702, NEW YORK, NY 10036, USA",40.75547299999999,-73.980166,ROOFTOP
"2 WEST 45TH STREET, NEW YORK, NY 10036, USA",40.7555104,-73.9802022,ROOFTOP
"2 W 45TH ST STE 201, NEW YORK, NY 10036, USA",40.7555104,-73.9802022,ROOFTOP
"2 W 45TH ST STE 404, NEW YORK, NY 10036, USA",40.7555164,-73.9801725,ROOFTOP
"800 3RD AVE FRNT A1666, NEW YORK, NY 10022, USA",40.7556482,-73.971384,ROOFTOP
"19 W 45TH ST STE 302, NEW YORK, NY 10036, USA",40.7559647,-73.980516,ROOFTOP
"2 W 46TH ST STE 403, NEW YORK, NY 10036, USA",40.756105,-73.9796774,ROOFTOP
"2 W 46TH ST STE 505A, NEW YORK, NY 10036, USA",40.7561203,-73.9796648,ROOFTOP
"25 W 45TH ST, NEW YORK, NY 10036, USA",40.7561364,-73.9806852,ROOFTOP
"33 W 46TH ST STE 801, NEW YORK, NY 10036, USA",40.7568252,-73.98032289999999,ROOFTOP
"424 MADISON AVE FL 9, NEW YORK, NY 10017, USA",40.757134,-73.97635679999999,ROOFTOP
"590 5TH AVE STE 1100, NEW YORK, NY 10036, USA",40.7571655,-73.9785565,ROOFTOP
"424 MADISON AVE, NEW YORK, NY 10017, USA",40.75723420000001,-73.9762868,ROOFTOP
"115 W 45TH ST FL 4, NEW YORK, NY 10036, USA",40.7572356,-73.9835084,ROOFTOP
"575 LEXINGTON AVE, NEW YORK, NY 10022, USA",40.7573009,-73.9716031,ROOFTOP
"20 E 49TH ST FL 2, NEW YORK, NY 10017, USA",40.7573268,-73.9766059,ROOFTOP
"140 E 52ND ST APT 2E, NEW YORK, NY 10022, USA",40.757531,-73.97129000000001,ROOFTOP
"330 W 42ND ST, NEW YORK, NY 10036, USA",40.7576238,-73.99147529999999,ROOFTOP
"226 E 54TH ST STE 304, NEW YORK, NY 10022, USA",40.7576456,-73.96787789999999,ROOFTOP
"160 E 53RD ST, NEW YORK, NY 10022, USA",40.7578557,-73.9700168,ROOFTOP
"18 E 50TH ST, NEW YORK, NY 10022, USA",40.7579504,-73.97629719999999,ROOFTOP
"1501 BROADWAY, NEW YORK, NY 10036, USA",40.7579747,-73.9855426,GEOMETRIC_CENTER
"345 W 42ND ST, NEW YORK, NY 10036, USA",40.7582292,-73.99160049999999,ROOFTOP
"165 W 46TH ST, NEW YORK, NY 10036, USA",40.7585908,-73.9846196,ROOFTOP
"240 E 56TH ST, NEW YORK, NY 10022, USA",40.7586743,-73.9661958,ROOFTOP
"305 W 44TH ST, NEW YORK, NY 10036, USA",40.75881450000001,-73.98910289999999,ROOFTOP
"450 W 42ND ST APT 50P, NEW YORK, NY 10036, USA",40.7590474,-73.994979,ROOFTOP
"150 E 55TH ST FRNT 1, NEW YORK, NY 10022, USA",40.7591472,-73.969441,ROOFTOP
"146 E 55TH ST FL 3, NEW YORK, NY 10022, USA",40.7592119,-73.9695155,ROOFTOP
"16 E 52ND ST, NEW YORK, NY 10022, USA",40.75922380000001,-73.9754545,ROOFTOP
"561 10TH AVE, NEW YORK, NY 10036, USA",40.7592387,-73.9962729,ROOFTOP
"133 E 54TH ST RM 2A, NEW YORK, NY 10022, USA",40.7593177,-73.97082929999999,ROOFTOP
"133 E 54TH ST RM 2E, NEW YORK, NY 10022, USA",40.7593177,-73.97082929999999,ROOFTOP
"133 E 54TH ST, NEW YORK, NY 10022, USA",40.7593177,-73.97082929999999,ROOFTOP
"509 MADISON AVE, NEW YORK, NY 10022, USA",40.759436,-73.97421299999999,ROOFTOP
"141 E 55TH ST APT 4C, NEW YORK, NY 10022, USA",40.7595575,-73.96939379999999,ROOFTOP
"7 W 51ST ST FL 5, NEW YORK, NY 10019, USA",40.7595992,-73.977519,ROOFTOP
"160 E 56TH ST, NEW YORK, NY 10022, USA",40.7596846,-73.9686591,ROOFTOP
"515 MADISON AVE FL 3, NEW YORK, NY 10022, USA",40.7597267,-73.973744,ROOFTOP
"515 MADISON AVE FL 6, NEW YORK, NY 10022, USA",40.7597847,-73.9737512,ROOFTOP
"515 MADISON AVE FL 13TH, NEW YORK, NY 10022, USA",40.7597893,-73.9737557,ROOFTOP
"515 MADISON AVE FL 21, NEW YORK, NY 10022, USA",40.7597893,-73.9737557,ROOFTOP
"330 E 59TH ST, NEW YORK, NY 10022, USA",40.7598145,-73.9630985,ROOFTOP
"133 E 55TH ST, NEW YORK, NY 10022, USA",40.75985439999999,-73.9702602,ROOFTOP
"110 E 55TH ST FL 9, NEW YORK, NY 10022, USA",40.7599144,-73.97116079999999,ROOFTOP
"475 MAIN ST, NEW YORK, NY 10044, USA",40.7600768,-73.95177249999999,ROOFTOP
"1251 AVENUE OF THE AMERICAS, NEW YORK, NY 10020, USA",40.7601019,-73.9818173,ROOFTOP
"510 E 62ND ST, NEW YORK, NY 10065, USA",40.7601906,-73.9578128,ROOFTOP
"120 E 56TH ST, NEW YORK, NY 10022, USA",40.7604629,-73.97063469999999,ROOFTOP
"120 E 56TH ST RM 330, NEW YORK, NY 10022, USA",40.7604884,-73.9706578,ROOFTOP
"136 E 57TH ST STE 801, NEW YORK, NY 10022, USA",40.7605863,-73.9690442,ROOFTOP
"686 LEXINGTON AVE, NEW YORK, NY 10022, USA",40.7606372,-73.9696713,ROOFTOP
"529 WEST 42ND STREET., NEW YORK, NY 10036, USA",40.7606927,-73.9968682,GEOMETRIC_CENTER
"430 PARK AVE, NEW YORK, NY 10022, USA",40.7607986,-73.97176220000001,ROOFTOP
"139 E 57TH ST FL 8, NEW YORK, NY 10022, USA",40.7610412,-73.9687642,ROOFTOP
"445 PARK AVENUE FL 9, NEW YORK, NY 10022, USA",40.7611216,-73.9706451,ROOFTOP
"307 EAST 60TH STREET, NEW YORK, NY 10022, USA",40.76115619999999,-73.96319319999999,ROOFTOP
"520 MAIN ST, NEW YORK, NY 10044, USA",40.7611672,-73.95028119999999,ROOFTOP
"60 E 56TH ST, NEW YORK, NY 10022, USA",40.7611782,-73.9723167,ROOFTOP
"303 E 60TH ST, NEW YORK, NY 10022, USA",40.7612004,-73.96320990000001,ROOFTOP
"570 11TH AVE, NEW YORK, NY 10036, USA",40.761287,-73.99773019999999,ROOFTOP
"303 E 60TH ST APT 34I, NEW YORK, NY 10022, USA",40.7613541,-73.96318420000001,ROOFTOP
"430 E, 63RD STREET, #4L, NEW YORK, NY 10065, USA",40.7615244,-73.9596547,ROOFTOP
"115 E 57TH ST, NEW YORK, NY 10022, USA",40.7616041,-73.9701222,ROOFTOP
"1301 AVENUE OF THE AMERICAS, NEW YORK, NY 10019, USA",40.7616644,-73.9796942,ROOFTOP
"1138 1ST AVE APT 3N, NEW YORK, NY 10065, USA",40.7617312,-73.9601057,ROOFTOP
"1230 YORK AVE, NEW YORK, NY 10065, USA",40.76190039999999,-73.95707920000001,GEOMETRIC_CENTER
"133 E 58TH ST STE 1202, NEW YORK, NY 10022, USA",40.7619525,-73.9689326,ROOFTOP
"133 E 58TH ST STE 710, NEW YORK, NY 10022, USA",40.7619525,-73.9689326,ROOFTOP
"133 E 58TH ST STE 1002, NEW YORK, NY 10022, USA",40.76195999999999,-73.9689313,ROOFTOP
"133 E 58TH ST, NEW YORK, NY 10022, USA",40.76195999999999,-73.9689108,ROOFTOP
"133 E 58TH STREET, NEW YORK, NY 10022, USA",40.76195999999999,-73.9689108,ROOFTOP
"645 10TH AVE, NEW YORK, NY 10036, USA",40.7620454,-73.9941412,ROOFTOP
"309 W 49TH ST, NEW YORK, NY 10019, USA",40.76223,-73.9866448,ROOFTOP
"45 W 54TH ST, NEW YORK, NY 10019, USA",40.7622709,-73.9776711,ROOFTOP
"41 E 57TH ST, NEW YORK, NY 10022, USA",40.7623554,-73.9718544,ROOFTOP
"110 E 59TH ST, NEW YORK, NY 10022, USA",40.7623938,-73.9691527,ROOFTOP
"545 W 45TH ST FL 7, NEW YORK, NY 10036, USA",40.7624488,-73.99591149999999,ROOFTOP
"545 W 45TH ST, NEW YORK, NY 10036, USA",40.76255,-73.995733,ROOFTOP
"715 9TH AVE, NEW YORK, NY 10019, USA",40.76277169999999,-73.9898642,ROOFTOP
"311A W 50TH ST, NEW YORK, NY 10019, USA",40.7628363,-73.98687939999999,ROOFTOP
"111 E 59TH ST, NEW YORK, NY 10022, USA",40.7628607,-73.96900990000002,ROOFTOP
"164 E 61ST ST, NEW YORK, NY 10065, USA",40.76293889999999,-73.9664161,ROOFTOP
"505 PARK AVE STE 400, NEW YORK, NY 10022, USA",40.7629688,-73.9693194,ROOFTOP
"810 SEVENTH AVE STE 515, NEW YORK, NY 10019, USA",40.7629764,-73.9825469,ROOFTOP
"110 E 60TH ST RM 804, NEW YORK, NY 10022, USA",40.7630908,-73.9688548,ROOFTOP
"110 E 60TH ST STE 404, NEW YORK, NY 10022, USA",40.7631169,-73.9688291,ROOFTOP
"770 LEXINGTON AVE, NEW YORK, NY 10065, USA",40.7631599,-73.9678826,ROOFTOP
"1230 YORK AVE, NEW YORK, NY 10021, USA",40.7631824,-73.9563226,ROOFTOP
"101 W 55TH ST, NEW YORK, NY 10019, USA",40.7633365,-73.978331,ROOFTOP
"1210 2ND AVE, NEW YORK, NY 10065, USA",40.763366,-73.9619735,ROOFTOP
"352 7TH AVE RM 1005, NEW YORK, NY 10001, USA",40.76347699999999,-73.981912,ROOFTOP
"346 E 65TH ST, NEW YORK, NY 10065, USA",40.7634816,-73.9600202,ROOFTOP
"1233 YORK AVE, NEW YORK, NY 10065, USA",40.7634988,-73.9567548,ROOFTOP
"350 W 51ST ST, NEW YORK, NY 10019, USA",40.7636078,-73.9877372,ROOFTOP
"114 EAST 61ST STREET, NEW YORK, NY 10021, USA",40.7636133,-73.96839589999999,ROOFTOP
"521 PARK AVE, NEW YORK, NY 10021, USA",40.76361869999999,-73.9689386,ROOFTOP
"521 PARK AVE, NEW YORK, NY 10065, USA",40.76361869999999,-73.9689386,ROOFTOP
"120 E 61ST ST, NEW YORK, NY 10065, USA",40.7636541,-73.9681695,ROOFTOP
"30 E 60TH ST, NEW YORK, NY 10022, USA",40.763742,-73.9701959,ROOFTOP
"30 E 60TH ST STE 904, NEW YORK, NY 10022, USA",40.763742,-73.9701959,ROOFTOP
"112 E 61ST ST, NEW YORK, NY 10065, USA",40.7637446,-73.9683991,ROOFTOP
"106 E 61ST ST, NEW YORK, NY 10065, USA",40.7639262,-73.9686062,ROOFTOP
"130 W 56TH ST FL 3, NEW YORK, NY 10019, USA",40.764017,-73.979231,ROOFTOP
"260 E 66TH ST, NEW YORK, NY 10021, USA",40.764064,-73.9632759,ROOFTOP
"850 7TH AVE, NEW YORK, NY 10019, USA",40.7640679,-73.9814793,ROOFTOP
"210 E 64TH ST, NEW YORK, NY 10065, USA",40.7640723,-73.9633151,ROOFTOP
"210 E 64TH ST, NEW YORK, NY 10021, USA",40.7640723,-73.9633151,ROOFTOP
"850 7TH AVE STE 1106, NEW YORK, NY 10019, USA",40.7640916,-73.9814143,ROOFTOP
"37 W 57TH ST, NEW YORK, NY 10019, USA",40.764104,-73.97595439999999,ROOFTOP
"327 E 65TH ST, NEW YORK, NY 10065, USA",40.764134,-73.9602323,ROOFTOP
"1275 YORK AVENUE, BOX 435, NEW YORK, NY 10065, USA",40.7642009,-73.9560777,ROOFTOP
"1275 YORK AVE, NEW YORK, NY 10065, USA",40.7642009,-73.9560777,ROOFTOP
"1275 YORK AVE, NEW YORK, NY 10021, USA",40.7642009,-73.9560777,ROOFTOP
"16 E 60TH ST, NEW YORK, NY 10022, USA",40.7642312,-73.9714145,ROOFTOP
"1233 2ND AVE, NEW YORK, NY 10065, USA",40.7642621,-73.9621171,ROOFTOP
"250 W 54TH ST STE 805, NEW YORK, NY 10019, USA",40.7642666,-73.9833057,ROOFTOP
"525 E 68TH ST # 140, NEW YORK, NY 10065, USA",40.764341,-73.95409409999999,ROOFTOP
"525 E 68TH ST RM A900, NEW YORK, NY 10065, USA",40.7643962,-73.9539303,ROOFTOP
"425 E 67TH ST, NEW YORK, NY 10065, USA",40.7644103,-73.9574291,ROOFTOP
"57 W 57TH ST, NEW YORK, NY 10019, USA",40.7644381,-73.9766479,ROOFTOP
"57 W 57TH ST STE 704, NEW YORK, NY 10019, USA",40.764456,-73.9767688,ROOFTOP
"333 E 66TH ST APT 1C, NEW YORK, NY 10065, USA",40.764463,-73.959311,ROOFTOP
"424 W 51ST ST, NEW YORK, NY 10019, USA",40.7644644,-73.9897632,ROOFTOP
"438 W 51ST ST FL 5, NEW YORK, NY 10019, USA",40.7646333,-73.9902847,ROOFTOP
"415 W 51ST ST, NEW YORK, NY 10019, USA",40.7646993,-73.98935279999999,ROOFTOP
"773 9TH AVE, NEW YORK, NY 10019, USA",40.7647234,-73.9884132,ROOFTOP
"200 E 65TH ST APT 28N, NEW YORK, NY 10065, USA",40.7647766,-73.96355489999999,ROOFTOP
"563 PARK AVE, NEW YORK, NY 10065, USA",40.7647849,-73.96798489999999,ROOFTOP
"1250 1ST AVE, NEW YORK, NY 10065, USA",40.7647997,-73.95778229999999,ROOFTOP
"10 RIVER RD APT 6H, NEW YORK, NY 10044, USA",40.7648139,-73.9473867,ROOFTOP
"10 RIVER RD, NEW YORK, NY 10044, USA",40.7648139,-73.9473867,ROOFTOP
"119 W 57TH ST, NEW YORK, NY 10019, USA",40.7648279,-73.9780289,ROOFTOP
"1300 YORK AVE - ROOM C-302, NEW YORK, NY 10065, USA",40.7648575,-73.9548643,ROOFTOP
"1300 YORK AVE, NEW YORK, NY 10065, USA",40.7648575,-73.9548643,ROOFTOP
"525 EAST 68TH STREET, NEW YORK, NY 10065, USA",40.7648658,-73.9539836,GEOMETRIC_CENTER
"525 EAST 68TH STREET, NEW YORK, NY 10021, USA",40.7648658,-73.9539836,GEOMETRIC_CENTER
"525 E 68TH ST, NEW YORK, NY 10065, USA",40.7648658,-73.9539836,GEOMETRIC_CENTER
"525 E 68TH ST, NEW YORK, NY 10021, USA",40.7648658,-73.9539836,GEOMETRIC_CENTER
"445 E 68TH ST, NEW YORK, NY 10065, USA",40.7648815,-73.956784,ROOFTOP
"525 E 70TH ST, NEW YORK, NY 10021, USA",40.7648899,-73.9524263,ROOFTOP
"332 E 67TH ST APT 14, NEW YORK, NY 10065, USA",40.7649,-73.9593913,ROOFTOP
"310 E 67TH ST, NEW YORK, NY 10065, USA",40.7649371,-73.96018269999999,ROOFTOP
"310 EAST 67TH STREET, NEW YORK, NY 10065, USA",40.7649371,-73.96018269999999,ROOFTOP
"142 W 57TH ST STE 9-128, NEW YORK, NY 10019, USA",40.7649513,-73.9791194,ROOFTOP
"116 E 63RD ST, NEW YORK, NY 10065, USA",40.7649569,-73.9671204,ROOFTOP
"535 E 70TH ST, NEW YORK, NY 10021, USA",40.765048,-73.9529124,ROOFTOP
"535 EAST 70TH STREET, NEW YORK, NY 10021, USA",40.765048,-73.9529124,ROOFTOP
"119 W 57TH ST STE 1100, NEW YORK, NY 10019, USA",40.7650497,-73.9779824,ROOFTOP
"119 W 57TH ST STE 212, NEW YORK, NY 10019, USA",40.7650497,-73.9779824,ROOFTOP
"30 CENTRAL PARK S, NEW YORK, NY 10019, USA",40.76505969999999,-73.9751217,ROOFTOP
"436 E 69TH ST, NEW YORK, NY 10021, USA",40.7651309,-73.9558984,ROOFTOP
"157 E 64TH ST FL 2, NEW YORK, NY 10065, USA",40.7653163,-73.9655089,ROOFTOP
"427 W 52ND ST, NEW YORK, NY 10019, USA",40.76547559999999,-73.9892187,ROOFTOP
"1305 YORK AVE, NEW YORK, NY 10021, USA",40.7654885,-73.9549784,ROOFTOP
"200 W 57TH ST, NEW YORK, NY 10019, USA",40.7656021,-73.98038520000001,ROOFTOP
"800A 5TH AVE, NEW YORK, NY 10065, USA",40.7657125,-73.9715764,ROOFTOP
"505 E 70TH ST STE 400, NEW YORK, NY 10021, USA",40.7657186,-73.9541658,ROOFTOP
"353 E 68TH ST, NEW YORK, NY 10065, USA",40.7657326,-73.9582854,ROOFTOP
"1320 YORK AVE APT 18D, NEW YORK, NY 10021, USA",40.7658261,-73.9541476,ROOFTOP
"1320 YORK AVE APT 24A, NEW YORK, NY 10021, USA",40.7658261,-73.9541476,ROOFTOP
"1320 YORK AVE, NEW YORK, NY 10021, USA",40.7658261,-73.9541476,ROOFTOP
"580 PARK AVE, NEW YORK, NY 10021, USA",40.7658504,-73.9680655,ROOFTOP
"435 E 70TH ST, NEW YORK, NY 10021, USA",40.7659324,-73.955058,ROOFTOP
"128 CENTRAL PARK S, NEW YORK, NY 10019, USA",40.7660187,-73.97754730000001,ROOFTOP
"300 W 57TH ST, NEW YORK, NY 10019, USA",40.7662354,-73.9834869,ROOFTOP
"250 W 57TH STREET SUITE 930, NEW YORK, NY 10019, USA",40.7662425,-73.982406,ROOFTOP
"430 E 71ST ST, NEW YORK, NY 10021, USA",40.7662857,-73.95496949999999,ROOFTOP
"523 E 72ND ST, NEW YORK, NY 10021, USA",40.7664934,-73.95248889999999,ROOFTOP
"201 E 67TH ST, NEW YORK, NY 10065, USA",40.7664934,-73.9624749,ROOFTOP
"400 E 71ST ST, NEW YORK, NY 10021, USA",40.7667674,-73.95619479999999,ROOFTOP
"200 CENTRAL PARK S, NEW YORK, NY 10019, USA",40.7667768,-73.9796054,ROOFTOP
"535 W 52ND ST, NEW YORK, NY 10019, USA",40.7668332,-73.9924328,ROOFTOP
"333 W 56TH ST APT 1F, NEW YORK, NY 10019, USA",40.7669499,-73.9851656,ROOFTOP
"620 PARK AVE, NEW YORK, NY 10065, USA",40.7670034,-73.9673325,ROOFTOP
"620 PARK AVENUE, NEW YORK, NY 10021, USA",40.7670034,-73.9673325,ROOFTOP
"899 LEXINGTON AVE, NEW YORK, NY 10065, USA",40.7670223,-73.96443769999999,ROOFTOP
"3 COLUMBUS CIR, NEW YORK, NY 10019, USA",40.7670223,-73.9819553,ROOFTOP
"310 E 70TH ST APT 2C, NEW YORK, NY 10021, USA",40.7670389,-73.958821,ROOFTOP
"315 W 57TH ST, NEW YORK, NY 10019, USA",40.7673801,-73.9837605,ROOFTOP
"66 E 66TH ST, NEW YORK, NY 10021, USA",40.7674044,-73.9671113,ROOFTOP
"219 E 69TH ST, NEW YORK, NY 10021, USA",40.7674236,-73.9607108,ROOFTOP
"315 W 57TH ST STE 208, NEW YORK, NY 10019, USA",40.767447,-73.9838244,ROOFTOP
"331 E 71ST ST STE 1B, NEW YORK, NY 10021, USA",40.7676876,-73.9572573,ROOFTOP
"330 W 58TH ST, NEW YORK, NY 10019, USA",40.7676898,-73.9833596,ROOFTOP
"331 E 71ST ST, NEW YORK, NY 10021, USA",40.7677185,-73.9573703,ROOFTOP
"331 W 57TH ST, NEW YORK, NY 10019, USA",40.767783,-73.98428849999999,GEOMETRIC_CENTER
"350 W 58TH ST, NEW YORK, NY 10019, USA",40.7679745,-73.9848366,ROOFTOP
"408 W 57TH ST, NEW YORK, NY 10019, USA",40.7680488,-73.9865975,ROOFTOP
"44 E 67TH ST, NEW YORK, NY 10065, USA",40.7680999,-73.9670545,ROOFTOP
"202 E 70TH ST, NEW YORK, NY 10021, USA",40.7681618,-73.96114349999999,ROOFTOP
"1000 10TH AVE # 2T, NEW YORK, NY 10019, USA",40.7682394,-73.9869351,ROOFTOP
"655 PARK AVE, NEW YORK, NY 10065, USA",40.7682666,-73.9655763,ROOFTOP
"51 E 67TH ST, NEW YORK, NY 10065, USA",40.7682886,-73.9665479,ROOFTOP
"325 EAST 72ND STREET, NEW YORK, NY 10021, USA",40.768435,-73.9569707,ROOFTOP
"302 E 72ND ST, NEW YORK, NY 10021, USA",40.76849720000001,-73.9581546,ROOFTOP
"MMC MANHATTAN PRACTICE AT 71ST STREET, NEW YORK, NY 10021, USA",40.76874189999999,-73.9597198,ROOFTOP
"MMC MANHATTAN PRACTICE AT PARK AVE, NEW YORK, NY 10028, USA",40.76874189999999,-73.9597198,ROOFTOP
"853 5TH AVE, NEW YORK, NY 10065, USA",40.7687921,-73.9694425,ROOFTOP
"787 11TH AVE, NEW YORK, NY 10019, USA",40.7687981,-73.9928321,ROOFTOP
"426 W 58TH ST, NEW YORK, NY 10019, USA",40.7688059,-73.9861939,ROOFTOP
"400 E 74TH ST, NEW YORK, NY 10021, USA",40.7688783,-73.95464919999999,ROOFTOP
"619 W 54TH ST, NEW YORK, NY 10019, USA",40.7689406,-73.9938557,ROOFTOP
"20 E 68TH ST, NEW YORK, NY 10065, USA",40.76922099999999,-73.9677081,ROOFTOP
"50 E 69TH ST, NEW YORK, NY 10021, USA",40.7692373,-73.96591529999999,ROOFTOP
"1841 BROADWAY, NEW YORK, NY 10023, USA",40.7692804,-73.98255309999999,ROOFTOP
"30 W 60TH ST APT 8L, NEW YORK, NY 10023, USA",40.76932679999999,-73.98389139999999,ROOFTOP
"1845 BROADWAY, NEW YORK, NY 10023, USA",40.7693612,-73.9824445,ROOFTOP
"1 COLUMBUS PL, NEW YORK, NY 10019, USA",40.7693699,-73.9854908,ROOFTOP
"30 W 60TH ST, NEW YORK, NY 10023, USA",40.76956939999999,-73.9838705,ROOFTOP
"860 5TH AVE, NEW YORK, NY 10065, USA",40.7695956,-73.9688773,ROOFTOP
"33 W 60TH ST, NEW YORK, NY 10023, USA",40.7696975,-73.9833311,ROOFTOP
"33 WEST 60TH ST, NEW YORK, NY 10023, USA",40.7696975,-73.9833311,ROOFTOP
"420 E 76TH ST, NEW YORK, NY 10021, USA",40.7697411,-73.9530951,ROOFTOP
"300 E 74TH ST, NEW YORK, NY 10021, USA",40.7697744,-73.9576055,GEOMETRIC_CENTER
"533 W 57TH ST, NEW YORK, NY 10019, USA",40.7697876,-73.9897276,ROOFTOP
"521 W 57TH ST, NEW YORK, NY 10019, USA",40.7698438,-73.98953060000001,ROOFTOP
"1 E 68TH ST STE 1E, NEW YORK, NY 10065, USA",40.7698562,-73.9685666,ROOFTOP
"50 E 70TH ST, NEW YORK, NY 10021, USA",40.7698715,-73.9652018,ROOFTOP
"328 E 75TH ST, NEW YORK, NY 10021, USA",40.76988300000001,-73.9554096,ROOFTOP
"114 E 71ST ST, NEW YORK, NY 10021, USA",40.7699425,-73.963708,ROOFTOP
"1000 10TH AVE, NEW YORK, NY 10019, USA",40.770024,-73.9874562,ROOFTOP
"124 W 60TH ST, NEW YORK, NY 10023, USA",40.7700882,-73.9858495,GEOMETRIC_CENTER
"SAINT VINCEN'T COMPREHENSIVE BREAST CENTER, NEW YORK, NY 10011, USA",40.7701073,-73.9858496,ROOFTOP
"425 W 59TH ST # 9A, NEW YORK, NY 10019, USA",40.770125,-73.9858757,ROOFTOP
"157 E 72ND ST, NEW YORK, NY 10021, USA",40.7702424,-73.96110879999999,ROOFTOP
"25 CENTRAL PARK W, NEW YORK, NY 10023, USA",40.770271,-73.98051099999999,ROOFTOP
"111 EAST 71ST STREET, NEW YORK, NY 10021, USA",40.7703256,-73.9638344,ROOFTOP
"737 PARK AVE, NEW YORK, NY 10021, USA",40.7703913,-73.9637714,ROOFTOP
"737 PARK AVE FRNT 1B, NEW YORK, NY 10021, USA",40.7704224,-73.9639068,ROOFTOP
"435 E 77TH ST, NEW YORK, NY 10075, USA",40.7705721,-73.95230819999999,ROOFTOP
"880 5TH AVE, NEW YORK, NY 10021, USA",40.7705833,-73.9680762,ROOFTOP
"880 FIFTH AVENUE, NEW YORK, NY 10021, USA",40.7705833,-73.9680762,ROOFTOP
"742 PARK AVE, NEW YORK, NY 10021, USA",40.770723,-73.9644184,ROOFTOP
"53 COLUMBUS AVE, NEW YORK, NY 10023, USA",40.7708369,-73.9832377,ROOFTOP
"10 AMSTERDAM AVE, NEW YORK, NY 10023, USA",40.7708733,-73.9875364,ROOFTOP
"117 EAST 72ND ST, NEW YORK, NY 10021, USA",40.7709196,-73.96277710000001,ROOFTOP
"515 W, 59TH ST.,, NEW YORK, NY 10019, USA",40.7710254,-73.9884383,ROOFTOP
"610 W 58TH ST, NEW YORK, NY 10019, USA",40.771038,-73.9916381,ROOFTOP
"133 E 73RD ST, NEW YORK, NY 10021, USA",40.7713452,-73.9618249,ROOFTOP
"171 E 74TH ST STE C4, NEW YORK, NY 10021, USA",40.7714669,-73.9601139,ROOFTOP
"171 E 74TH ST, NEW YORK, NY 10021, USA",40.7714669,-73.9601139,ROOFTOP
"760 PARK AVE, NEW YORK, NY 10021, USA",40.7714788,-73.9639598,ROOFTOP
"159 E 74TH ST, NEW YORK, NY 10021, USA",40.7716471,-73.9605358,ROOFTOP
"510 E 80TH ST, NEW YORK, NY 10075, USA",40.77165859999999,-73.9494302,ROOFTOP
"248 W 60TH ST, NEW YORK, NY 10023, USA",40.7717961,-73.9894089,ROOFTOP
"1317 3RD AVE FL 5, NEW YORK, NY 10021, USA",40.7718137,-73.95847049999999,ROOFTOP
"251 E 77TH ST, NEW YORK, NY 10075, USA",40.7724303,-73.9563826,ROOFTOP
"921 MADISON AVE, NEW YORK, NY 10021, USA",40.7725016,-73.9645065,ROOFTOP
"799 PARK AVE, NEW YORK, NY 10021, USA",40.7725395,-73.96244329999999,ROOFTOP
"330 E 79TH ST, NEW YORK, NY 10075, USA",40.7726182,-73.95393969999999,ROOFTOP
"532 E 82ND ST, NEW YORK, NY 10028, USA",40.7726288,-73.9476695,ROOFTOP
"65 CENTRAL PARK WEST, NEW YORK, NY 10023, USA",40.7727705,-73.97876509999999,ROOFTOP
"215 E 77TH ST APT 1D, NEW YORK, NY 10075, USA",40.7727913,-73.9572696,ROOFTOP
"308 E 79TH ST, NEW YORK, NY 10075, USA",40.7728342,-73.9545121,ROOFTOP
"155 E 76TH ST # 1J, NEW YORK, NY 10021, USA",40.7728944,-73.9595726,ROOFTOP
"923 5TH AVE, NEW YORK, NY 10021, USA",40.773185,-73.96601,ROOFTOP
"311 E 79TH ST, NEW YORK, NY 10075, USA",40.7732469,-73.95430259999999,ROOFTOP
"425 E 81ST ST, NEW YORK, NY 10028, USA",40.7732499,-73.9501928,ROOFTOP
"150 E 77TH ST, NEW YORK, NY 10075, USA",40.7732555,-73.95946020000001,ROOFTOP
"400 W 61ST ST APT 321, NEW YORK, NY 10023, USA",40.7733654,-73.9915426,ROOFTOP
"927 5TH AVE, NEW YORK, NY 10021, USA",40.773483,-73.96584,ROOFTOP
"130 E 77TH ST, NEW YORK, NY 10021, USA",40.7736922,-73.9603089,ROOFTOP
"130 E 77TH ST, NEW YORK, NY 10075, USA",40.7736922,-73.9603089,ROOFTOP
"100 E 77TH ST, NEW YORK, NY 10021, USA",40.7737506,-73.96082410000001,ROOFTOP
"100 EAST 77TH STREET, NY, NY 10021, USA",40.7737506,-73.96082410000001,ROOFTOP
"100 EAST 77TH. STREET, NEW YORK, NY 10075, USA",40.7737506,-73.96082410000001,ROOFTOP
"100 E77TH ST, NY, NY 10021, USA",40.7737506,-73.96082410000001,ROOFTOP
"100 E 77TH ST, NEW YORK, NY 10075, USA",40.7737506,-73.96082410000001,ROOFTOP
"8 E 75TH ST, NEW YORK, NY 10021, USA",40.7739097,-73.9649096,ROOFTOP
"30 E 76TH ST FL 6, NEW YORK, NY 10021, USA",40.774167,-73.963442,ROOFTOP
"149 EAST 78TH STREET, NEW YORK, NY 10075, USA",40.7742295,-73.9589788,ROOFTOP
"850 PARK AVE, NEW YORK, NY 10075, USA",40.7743195,-73.96213209999999,ROOFTOP
"850 PARK AVENUE, NEW YORK, NY 10075, USA",40.7743195,-73.96213209999999,ROOFTOP
"211 E 79TH ST, NEW YORK, NY 10075, USA",40.7743555,-73.95641789999999,ROOFTOP
"80 EAST 77TH STREET, NEW YORK, NY 10075, USA",40.7744357,-73.962004,ROOFTOP
"250 WEST 64TH STREET, NEW YORK, NY 10023, USA",40.774457,-73.9877072,ROOFTOP
"875 PARK AVE, NEW YORK, NY 10075, USA",40.7746099,-73.96074039999999,ROOFTOP
"875 PARK AVE # 1D, NEW YORK, NY 10021, USA",40.7746099,-73.96074039999999,ROOFTOP
"238 E 81ST ST APT 3B, NEW YORK, NY 10028, USA",40.7747273,-73.95473720000001,ROOFTOP
"885 PARK AVE, NEW YORK, NY 10075, USA",40.7750676,-73.96061999999999,ROOFTOP
"1143 LEXINGTON AVE, NEW YORK, NY 10075, USA",40.7751028,-73.95855259999999,ROOFTOP
"895 PARK AVE, NEW YORK, NY 10075, USA",40.7753111,-73.9603272,ROOFTOP
"1995 BROADWAY, NEW YORK, NY 10023, USA",40.7753403,-73.98245949999999,ROOFTOP
"138-140 E 80TH ST, NEW YORK, NY 10075, USA",40.7756256,-73.9587707,ROOFTOP
"74 E 79TH ST APT 1D, NEW YORK, NY 10075, USA",40.775634,-73.9611355,ROOFTOP
"911 PARK AVE, NEW YORK, NY 10075, USA",40.77598,-73.9598383,ROOFTOP
"50 E 79TH ST, NEW YORK, NY 10075, USA",40.7760455,-73.9619154,ROOFTOP
"79 E 79TH ST, NEW YORK, NY 10075, USA",40.7761383,-73.96098839999999,ROOFTOP
"111 E 80TH ST APT 1B, NEW YORK, NY 10075, USA",40.7761409,-73.95926650000001,ROOFTOP
"16 E 79TH ST, NEW YORK, NY 10075, USA",40.776388,-73.96268309999999,ROOFTOP
"244 E 84TH ST, NEW YORK, NY 10028, USA",40.7766271,-73.9532464,ROOFTOP
"50 W 72ND ST APT 905, NEW YORK, NY 10023, USA",40.7770249,-73.97845749999999,ROOFTOP
"2025 BROADWAY, NEW YORK, NY 10023, USA",40.77709650000001,-73.9824622,ROOFTOP
"15 W 72ND ST, NEW YORK, NY 10023, USA",40.7771439,-73.9768505,GEOMETRIC_CENTER
"336 E 86TH ST, NEW YORK, NY 10028, USA",40.777181,-73.9504882,ROOFTOP
"165 W END AVE APT 1F, NEW YORK, NY 10023, USA",40.77720420000001,-73.987256,ROOFTOP
"314 E 86TH ST, NEW YORK, NY 10028, USA",40.7773221,-73.951171,ROOFTOP
"41 W 72ND ST APT 1C, NEW YORK, NY 10023, USA",40.7773871,-73.9779855,ROOFTOP
"180 W END AVE, NEW YORK, NY 10023, USA",40.7774246,-73.98562,ROOFTOP
"126 E 83RD ST, NEW YORK, NY 10028, USA",40.7775437,-73.9575424,ROOFTOP
"229 E 85TH ST UNIT G, NEW YORK, NY 10028, USA",40.7776643,-73.95274979999999,ROOFTOP
"159 W 71ST ST APT 2A, NEW YORK, NY 10023, USA",40.7777037,-73.981132,ROOFTOP
"171 E 84TH ST, NEW YORK, NY 10028, USA",40.7779008,-73.9552911,ROOFTOP
"994 FIFTH AVENUE, NEW YORK, NY 10028, USA",40.7779232,-73.96274609999999,ROOFTOP
"125 W 72ND ST RM 5F, NEW YORK, NY 10023, USA",40.7780221,-73.9795709,ROOFTOP
"212 W 71 STREET, NEW YORK, NY 10023, USA",40.7780632,-73.9829862,ROOFTOP
"305 E 86TH ST APT 10AW, NEW YORK, NY 10028, USA",40.7780905,-73.9508685,ROOFTOP
"162 W 72ND ST, NEW YORK, NY 10023, USA",40.7781281,-73.9810929,ROOFTOP
"970 PARK AVE, NEW YORK, NY 10028, USA",40.7781515,-73.95910359999999,ROOFTOP
"211 W 71ST ST, NEW YORK, NY 10023, USA",40.7783993,-73.9825668,ROOFTOP
"155 W 72ND ST RM 606, NEW YORK, NY 10023, USA",40.7784145,-73.9805007,ROOFTOP
"210 E 86TH ST, NEW YORK, NY 10028, USA",40.7784319,-73.953377,ROOFTOP
"180 RIVERSIDE BLVD, NEW YORK, NY 10069, USA",40.778478,-73.9884206,GEOMETRIC_CENTER
"1009 PARK AVE, NEW YORK, NY 10028, USA",40.7790932,-73.9575883,ROOFTOP
"155 W 73RD ST APT 4B, NEW YORK, NY 10023, USA",40.7790942,-73.9799379,ROOFTOP
"243 W END AVE, NEW YORK, NY 10023, USA",40.7793373,-73.9850865,ROOFTOP
"1016 FIFTH AVENUE, NEW YORK, NY 10028, USA",40.7793527,-73.9614994,ROOFTOP
"42 W 76TH ST APT M3, NEW YORK, NY 10023, USA",40.7793961,-73.97606379999999,ROOFTOP
"35 E 84TH ST, NEW YORK, NY 10028, USA",40.77952270000001,-73.9593673,ROOFTOP
"240 W 73RD ST, NEW YORK, NY 10023, USA",40.7797279,-73.982675,ROOFTOP
"4 E. 84TH ST., NYC, NY 10028, USA",40.7798096,-73.9607649,ROOFTOP
"1035 PARK AVE, NEW YORK, NY 10028, USA",40.779837,-73.957166,ROOFTOP
"45 E 85TH ST, NEW YORK, NY 10028, USA",40.7799686,-73.95830029999999,ROOFTOP
"2109 BROADWAY APT 520, NEW YORK, NY 10023, USA",40.7801429,-73.9822097,ROOFTOP
"1045 PARK AVE, NEW YORK, NY 10028, USA",40.7802712,-73.9567847,ROOFTOP
"230 W 74TH ST, NEW YORK, NY 10023, USA",40.7803306,-73.98217369999999,ROOFTOP
"1034 FIFTH AVENUE, NEW YORK, NY 10028, USA",40.78046,-73.9609408,ROOFTOP
"1034 5TH AVE, NEW YORK, NY 10028, USA",40.78046,-73.9609408,ROOFTOP
"1040 PARK AVE, NEW YORK, NY 10028, USA",40.78053,-73.9575194,ROOFTOP
"2121 BROADWAY, NEW YORK, NY 10023, USA",40.7806256,-73.9818092,ROOFTOP
"1049 5TH AVE, NEW YORK, NY 10028, USA",40.7810802,-73.9598802,ROOFTOP
"113 W 78TH ST FRNT 1, NEW YORK, NY 10024, USA",40.7817577,-73.9766351,ROOFTOP
"252 W 76TH ST STE 1A, NEW YORK, NY 10023, USA",40.782076,-73.98210759999999,ROOFTOP
"124 W 79TH ST APT 1B, NEW YORK, NY 10024, USA",40.7821036,-73.9765979,ROOFTOP
"171 W 79TH ST, NEW YORK, NY 10024, USA",40.7830821,-73.97755649999999,ROOFTOP
"180 W 80TH ST, NEW YORK, NY 10024, USA",40.7835219,-73.9776507,ROOFTOP
"390 W END AVE, NEW YORK, NY 10024, USA",40.7837798,-73.98134519999999,ROOFTOP
"239 CENTRAL PARK W, NEW YORK, NY 10024, USA",40.7839781,-73.9708599,ROOFTOP
"241 CENTRAL PARK W APT 1A, NEW YORK, NY 10024, USA",40.7842812,-73.970337,ROOFTOP
"1918 1ST AVE #124, NEW YORK, NY 10029, USA",40.7844954,-73.9431003,ROOFTOP
"15 W 84TH ST, NEW YORK, NY 10024, USA",40.78457969999999,-73.9713227,ROOFTOP
"1901 1ST AVE STE 704, NEW YORK, NY 10029, USA",40.7849111,-73.94417419999999,ROOFTOP
"13 HELL GATE CIR, NEW YORK, NY 10035, USA",40.7851779,-73.9278533,ROOFTOP
"1901 1ST AVE, NEW YORK, NY 10029, USA",40.7852328,-73.94502899999999,ROOFTOP
"46 W 86TH ST STE 1A, NEW YORK, NY 10024, USA",40.785956,-73.97166299999999,ROOFTOP
"275 CENTRAL PARK W, NEW YORK, NY 10024, USA",40.7865331,-73.9688152,ROOFTOP
"1249 PARK AVE, NEW YORK, NY 10029, USA",40.7868651,-73.9517565,ROOFTOP
"1516 LEXINGTON AVE, NEW YORK, NY 10029, USA",40.78701239999999,-73.9505152,ROOFTOP
"5 EAST 95TH ST, NEW YORK, NY 10029, USA",40.7870424,-73.9555105,ROOFTOP
"345 E 102ND ST, NEW YORK, NY 10029, USA",40.7875048,-73.9423977,ROOFTOP
"333 EAST 102 STREET #534, NEW YORK, NY 10029, USA",40.7875193,-73.9426764,ROOFTOP
"295 CENTRAL PARK W APT 12H, NEW YORK, NY 10024, USA",40.7877638,-73.9678721,ROOFTOP
"210 E 102ND ST APT 13H, NEW YORK, NY 10029, USA",40.78838340000001,-73.9463919,ROOFTOP
"1160 5TH AVE, NEW YORK, NY 10029, USA",40.7884302,-73.9544887,ROOFTOP
"1425 MADISON AVE, NEW YORK, NY 10029, USA",40.7886376,-73.9524223,ROOFTOP
"ONE GUSTAVE L. LEVY PLACE, NEW YORK, NY 10029, USA",40.7888899,-73.9540398,GEOMETRIC_CENTER
"ONE GUSTAVE LEVY PLACE, NY, NY 10029, USA",40.7888899,-73.9540398,GEOMETRIC_CENTER
"5 E 98TH ST, NEW YORK, NY 10029, USA",40.7889691,-73.9538996,ROOFTOP
"1428 MADISON AVE FL 2, NEW YORK, NY 10029, USA",40.789055,-73.953115,ROOFTOP
"1428 MADISON AVE, NEW YORK, NY 10029, USA",40.789055,-73.953115,ROOFTOP
"5 E 98TH ST FL 5, NEW YORK, NY 10029, USA",40.7890717,-73.9538601,ROOFTOP
"600 EAST 125 ST., NEW YORK, NY 10035, USA",40.7891393,-73.9298302,ROOFTOP
"421 E 106TH ST, NEW YORK, NY 10029, USA",40.7892091,-73.93794539999999,ROOFTOP
"2398 BROADWAY, NEW YORK, NY 10024, USA",40.7892938,-73.9753386,ROOFTOP
"1176 5TH AVE, NEW YORK, NY 10029, USA",40.789339,-73.9537593,ROOFTOP
"620 COLUMBUS AVE, NEW YORK, NY 10024, USA",40.7893706,-73.9703328,ROOFTOP
"1468 MADISON AVE, NEW YORK, NY 10029, USA",40.7899029,-73.95238259999999,GEOMETRIC_CENTER
"1184 5TH AVE FL 2, NEW YORK, NY 10029, USA",40.7900579,-73.9538592,ROOFTOP
"575 W END AVE APT GRB, NEW YORK, NY 10024, USA",40.7901248,-73.9772637,ROOFTOP
"1468 MADISON AVE FL 3, NEW YORK, NY 10029, USA",40.790264,-73.9525967,ROOFTOP
"1 GUSTAVE L LEVY PLACE, NEW YORK, NY 10029, USA",40.7902952,-73.95373579999999,ROOFTOP
"1 GUSTAVE L LEVY PL, NEW YORK, NY 10029, USA",40.7902952,-73.95373579999999,ROOFTOP
"1 GUSTAV L LEVY PL, NEW YORK, NY 10029, USA",40.7902952,-73.95373579999999,ROOFTOP
"1 GUSTAVE L LEVY PL # 6000, NEW YORK, NY 10029, USA",40.7902952,-73.95373579999999,ROOFTOP
"1 GUSTAVE L. LEVY PLACE, NEW YORK, NY 10029, USA",40.7902952,-73.95373579999999,ROOFTOP
"140 RIVERSIDE DR STE 1-O, NEW YORK, NY 10024, USA",40.7902965,-73.9795594,ROOFTOP
"350 CENTRAL PARK W APT 1C, NEW YORK, NY 10025, USA",40.7906666,-73.9658766,ROOFTOP
"350 CENTRAL PARK W APT 15E, NEW YORK, NY 10025, USA",40.7906666,-73.9658766,ROOFTOP
"212 E 106TH ST, NEW YORK, NY 10029, USA",40.7910414,-73.9441106,ROOFTOP
"3 W 95TH ST, NEW YORK, NY 10025, USA",40.7913442,-73.9654323,ROOFTOP
"51 W 95TH ST, NEW YORK, NY 10025, USA",40.791828,-73.9668086,ROOFTOP
"700 COLUMBUS AVE UNIT 20037, NEW YORK, NY 10025, USA",40.7919838,-73.9686316,ROOFTOP
"50 W 96TH ST, NEW YORK, NY 10025, USA",40.7922656,-73.96668009999999,ROOFTOP
"27 W 96TH ST, NEW YORK, NY 10025, USA",40.7925865,-73.96608069999999,ROOFTOP
"1249 5TH AVE, NEW YORK, NY 10029, USA",40.793576,-73.9505396,ROOFTOP
"1249 5TH AVENUE, NEW YORK, NY 10022, USA",40.793576,-73.9505396,ROOFTOP
"110 W 97TH ST, NEW YORK, NY 10025, USA",40.7936582,-73.9675494,ROOFTOP
"697 W END AVE APT 15D, NEW YORK, NY 10025, USA",40.7938451,-73.9746132,ROOFTOP
"215 W 95TH ST APT 14F, NEW YORK, NY 10025, USA",40.7940179,-73.9716911,ROOFTOP
"MMC MANHATAN PRACTICE AT 96TH STREET, NEW YORK, NY 10025, USA",40.7940612,-73.9703734,GEOMETRIC_CENTER
"WARDS ISLAND, NEW YORK, NY 10035, USA",40.794065,-73.9271644,APPROXIMATE
"425 E 114TH ST APT 4FW, NEW YORK, NY 10029, USA",40.7943486,-73.9350523,ROOFTOP
"505 E 116TH ST STE 300, NEW YORK, NY 10029, USA",40.795049,-73.93239299999999,ROOFTOP
"415 CENTRAL PARK W, NEW YORK, NY 10025, USA",40.7951238,-73.9623684,ROOFTOP
"2599 BROADWAY, NEW YORK, NY 10025, USA",40.7959974,-73.9712423,ROOFTOP
"801 AMSTERDAM AVE, NEW YORK, NY 10025, USA",40.7962309,-73.9684211,ROOFTOP
"258 EAST 115TH STREET, NEW YORK, NY 10029, USA",40.7963065,-73.93928939999999,RANGE_INTERPOLATED
"404 EAST 117 ST, NY, NY 10035, USA",40.7963252,-73.9345699,ROOFTOP
"341 E 116TH ST, NEW YORK, NY 10029, USA",40.7965589,-73.9361428,ROOFTOP
"1309 5TH AVE APT 2E, NEW YORK, NY 10029, USA",40.7972997,-73.94861279999999,ROOFTOP
"158 E 115TH ST, NEW YORK, NY 10029, USA",40.797615,-73.9419066,ROOFTOP
"2710 BROADWAY, NEW YORK, NY 10025, USA",40.7994546,-73.9679609,ROOFTOP
"152 E 118TH ST, NEW YORK, NY 10035, USA",40.7995607,-73.940299,ROOFTOP
"120 W 112TH ST APT 1C, NEW YORK, NY 10026, USA",40.7998965,-73.9531075,ROOFTOP
"75 E 116TH ST, NEW YORK, NY 10029, USA",40.8000138,-73.94429420000002,ROOFTOP
"18 E 116TH ST, NEW YORK, NY 10029, USA",40.8000265,-73.9456095,ROOFTOP
"1400 5TH AVE STE 6, NEW YORK, NY 10026, USA",40.8005343,-73.94736139999999,ROOFTOP
"2367 2ND AVE, NEW YORK, NY 10035, USA",40.8005907,-73.935525,ROOFTOP
"219 E 121 ST, NEW YORK, NY 10035, USA",40.8009521,-73.9364523,ROOFTOP
"219 E 121ST ST, NEW YORK, NY 10035, USA",40.8009521,-73.9364523,ROOFTOP
"81 W 115TH ST, NEW YORK, NY 10026, USA",40.8012844,-73.9494637,ROOFTOP
"1825 MADISON AVE, NEW YORK, NY 10035, USA",40.8014385,-73.94346759999999,ROOFTOP
"1432 FIFTH AVENUE, NEW YORK, NY 10026, USA",40.8016952,-73.9459955,ROOFTOP
"1432 5TH AVE, NEW YORK, NY 10035, USA",40.8016952,-73.9459955,ROOFTOP
"424 W 110TH ST, NEW YORK, NY 10025, USA",40.8019579,-73.962295,ROOFTOP
"2265 3RD AVE, NEW YORK, NY 10035, USA",40.8024364,-73.9363954,ROOFTOP
"248 W 108TH ST, NEW YORK, NY 10025, USA",40.8024432,-73.96699679999999,ROOFTOP
"1879 MADISON AVE, NEW YORK, NY 10035, USA",40.8032081,-73.9418144,ROOFTOP
"85 W 118TH ST, NEW YORK, NY 10026, USA",40.8032525,-73.9482206,ROOFTOP
"243 W 116TH ST APT 5E, NEW YORK, NY 10026, USA",40.8041953,-73.95441749999999,ROOFTOP
"159 E 125TH ST, NEW YORK, NY 10035, USA",40.8042694,-73.9365823,ROOFTOP
"153 E 125TH ST, NEW YORK, NY 10035, USA",40.8043969,-73.9367274,ROOFTOP
"1919 MADISON AVE FRNT 2, NEW YORK, NY 10035, USA",40.8045686,-73.9410797,ROOFTOP
"214 LENOX AVE STE 12ND, NEW YORK, NY 10027, USA",40.804898,-73.9472171,ROOFTOP
"279 W 117TH ST, NEW YORK, NY 10026, USA",40.8050237,-73.9544282,ROOFTOP
"103 E 125TH ST, NEW YORK, NY 10035, USA",40.8050967,-73.9386074,ROOFTOP
"440 W 114TH ST, NEW YORK, NY 10025, USA",40.8052033,-73.9615058,ROOFTOP
"411 W 114TH ST, NEW YORK, NY 10025, USA",40.8052906,-73.9609582,ROOFTOP
"1111 AMSTERDAM AVE, NEW YORK, NY 10025, USA",40.8054067,-73.96133069999999,GEOMETRIC_CENTER
"1090 AMSTERDAM AVE, NEW YORK, NY 10025, USA",40.8054543,-73.96247869999999,ROOFTOP
"233 LENOX AVE, NEW YORK, NY 10027, USA",40.8057117,-73.9473366,ROOFTOP
"8 W 126TH ST FL 3, NEW YORK, NY 10027, USA",40.8072437,-73.94260299999999,ROOFTOP
"80 W 125TH ST, NEW YORK, NY 10027, USA",40.8073698,-73.9452348,ROOFTOP
"401 W 118TH ST APT 2, NEW YORK, NY 10027, USA",40.8076272,-73.9585732,ROOFTOP
"132 W 125TH ST, NEW YORK, NY 10027, USA",40.8083324,-73.9472993,ROOFTOP
"163 W 125TH ST FL 11, NEW YORK, NY 10027, USA",40.8091589,-73.9473251,ROOFTOP
"215 W 125TH ST, NEW YORK, NY 10027, USA",40.8096896,-73.94888639999999,ROOFTOP
"154 W 127TH ST, NEW YORK, NY 10027, USA",40.8097734,-73.9467859,ROOFTOP
"565 MANHATTAN AVE, NEW YORK, NY 10027, USA",40.8098134,-73.9536851,ROOFTOP
"159 W 127TH ST, NEW YORK, NY 10027, USA",40.8101652,-73.94665119999999,ROOFTOP
"2110 MADISON AVE APT 1B, NEW YORK, NY 10037, USA",40.8107475,-73.9373054,ROOFTOP
"356 W 125TH ST, NEW YORK, NY 10027, USA",40.8108404,-73.9531288,ROOFTOP
"2381 FREDERICK DOUGLASS BLVD, NEW YORK, NY 10027, USA",40.81210799999999,-73.950141,ROOFTOP
"470 MALCOLM X BLVD, NEW YORK, NY 10037, USA",40.8127796,-73.9408041,ROOFTOP
"400 SAINT NICHOLAS AVE, NEW YORK, NY 10027, USA",40.8131855,-73.9500253,ROOFTOP
"2246 ADAM CLAYTON POWELL JR (7TH) AVENUE, NEW YORK, NY 10027, USA",40.8137128,-73.94532749999999,ROOFTOP
"2238 5TH AVENUE, NEW YORK, NY 10037, USA",40.8138761,-73.937131,ROOFTOP
"2265 5TH AVE APT 1B, NEW YORK, NY 10037, USA",40.8140738,-73.9364287,ROOFTOP
"506 MALCOLM X BLVD, NEW YORK, NY 10037, USA",40.8141451,-73.9404473,ROOFTOP
"506 LENOX AVENUE, NEW YORK, NY 10037, USA",40.8141451,-73.9404473,ROOFTOP
"512 W 126TH ST, NEW YORK, NY 10027, USA",40.8144065,-73.9562902,ROOFTOP
"527 W 125TH ST, NEW YORK, NY 10027, USA",40.8145845,-73.9568642,ROOFTOP
"506 LENOX AVE BLDG 14-106, NEW YORK, NY 10037, USA",40.8146069,-73.9392886,ROOFTOP
"506 LENOX AVE, NEW YORK, NY 10037, USA",40.8146069,-73.9392886,GEOMETRIC_CENTER
"46 W137TH ST, NY, NY 10037, USA",40.8148594,-73.93895479999999,ROOFTOP
"21 OLD BROADWAY, NEW YORK, NY 10027, USA",40.8155344,-73.9565088,ROOFTOP
"309 W 134TH ST, NEW YORK, NY 10030, USA",40.816029,-73.9471605,ROOFTOP
"2351 ADAM CLAYTON POWELL JR BLVD PH 6, NEW YORK, NY 10030, USA",40.8167818,-73.9422647,ROOFTOP
"126 W 139TH ST, NEW YORK, NY 10030, USA",40.817125,-73.9407279,ROOFTOP
"203 W 138TH ST, NEW YORK, NY 10030, USA",40.817626,-73.942674,ROOFTOP
"504 W 136TH ST, NEW YORK, NY 10031, USA",40.81966269999999,-73.9524418,ROOFTOP
"534 W 135TH ST, NEW YORK, NY 10031, USA",40.8196664,-73.95467239999999,ROOFTOP
"19 HAMILTON PL, NEW YORK, NY 10031, USA",40.8211435,-73.95360920000002,ROOFTOP
"2698 8TH AVE, NEW YORK, NY 10030, USA",40.8217392,-73.9423648,ROOFTOP
"3418 BROADWAY, NEW YORK, NY 10031, USA",40.8222969,-73.9531246,ROOFTOP
"266 W 145TH ST, NEW YORK, NY 10039, USA",40.8223697,-73.94142409999999,ROOFTOP
"274 W 145TH ST, NEW YORK, NY 10039, USA",40.82248329999999,-73.9414958,ROOFTOP
"343 W 145TH ST, NEW YORK, NY 10031, USA",40.8239214,-73.943921,ROOFTOP
"1727 AMSTERDAM AVENUE, NEW YORK, NY 10031, USA",40.8255981,-73.9471282,ROOFTOP
"1727 AMSTERDAM AVE, NEW YORK, NY 10031, USA",40.8255981,-73.9471282,ROOFTOP
"3556 BROADWAY, NEW YORK, NY 10031, USA",40.8269133,-73.9497525,ROOFTOP
"1865 AMSTERDAM AVE, NEW YORK, NY 10031, USA",40.8296413,-73.9440417,ROOFTOP
"3682 BROADWAY, NEW YORK, NY 10031, USA",40.8308541,-73.9468085,ROOFTOP
"930 SAINT NICHOLAS AVE APT 57, NEW YORK, NY 10032, USA",40.8320777,-73.94078429999999,ROOFTOP
"511 WEST 157TH STREET, NEW YORK, NY 10032, USA",40.83331020000001,-73.9426282,ROOFTOP
"504 W. 158TH STREET, NEW YORK, NY 10032, USA",40.8336248,-73.9422294,ROOFTOP
"3797 BROADWAY, NEW YORK, NY 10032, USA",40.8346505,-73.9447957,ROOFTOP
"610 W 158TH ST, NEW YORK, NY 10032, USA",40.834819,-73.9452309,ROOFTOP
"46 FORT WASHINGTON AVE, NEW YORK, NY 10032, USA",40.8368542,-73.9440876,ROOFTOP
"3875 BROADWAY, NEW YORK, NY 10032, USA",40.8371517,-73.942961,ROOFTOP
"65 FORT WASHINGTON AVE, NEW YORK, NY 10032, USA",40.8373525,-73.9445822,ROOFTOP
"600 W 163RD ST, NEW YORK, NY 10032, USA",40.8379123,-73.9426178,ROOFTOP
"601 W 163RD ST, NEW YORK, NY 10032, USA",40.8380878,-73.9425268,ROOFTOP
"3940 BROADWAY FL 2, NEW YORK, NY 10032, USA",40.8393387,-73.9406746,ROOFTOP
"128 FORT WASHINGTON AVE, NEW YORK, NY 10032, USA",40.8393655,-73.9429166,ROOFTOP
"516 W 167TH ST APT 14, NEW YORK, NY 10032, USA",40.8396898,-73.93860819999999,ROOFTOP
"130 FORT WASHINGTON AVE, NEW YORK, NY 10032, USA",40.8397712,-73.9428844,ROOFTOP
"3959 BROADWAY, NEW YORK, NY 10032, USA",40.8398048,-73.9414011,ROOFTOP
"627 W 165TH ST, NEW YORK, NY 10032, USA",40.8400001,-73.9420025,ROOFTOP
"2201 AMSTERDAM AVE, NEW YORK, NY 10032, USA",40.8404744,-73.9361236,ROOFTOP
"630 W 168TH ST, NEW YORK, NY 10032, USA",40.8408953,-73.9409419,ROOFTOP
"180 FORT WASHINGTON AVE, NEW YORK, NY 10032, USA",40.84095019999999,-73.94160939999999,ROOFTOP
"622 W. 168TH ST, VC401, NEW YORK, NY 10032, USA",40.8410959,-73.9405652,ROOFTOP
"622 WEST 168 STREET, NEW YORK, NY 10032, USA",40.8410959,-73.9405652,ROOFTOP
"622 W 168TH ST, NEW YORK, NY 10032, USA",40.8410959,-73.9405652,ROOFTOP
"622 W. 168TH STREET, NEW YORK, NY 10032, USA",40.8410959,-73.9405652,ROOFTOP
"161 FORT WASHINGTON AVE, NEW YORK, NY 10032, USA",40.8411336,-73.9436973,GEOMETRIC_CENTER
"177 FORT WASHINGTON AVE, NEW YORK, NY 10032, USA",40.8412146,-73.94294599999999,ROOFTOP
"161 FORT WASHINGTON AVE FL 6, NEW YORK, NY 10032, USA",40.8412728,-73.94347189999999,ROOFTOP
"651 W 168TH ST, NEW YORK, NY 10032, USA",40.8421806,-73.9413093,ROOFTOP
"1051 RIVERSIDE DR, NEW YORK, NY 10032, USA",40.8426267,-73.94455549999999,ROOFTOP
"710 W 168TH ST # B-41, NEW YORK, NY 10032, USA",40.8429662,-73.9424631,ROOFTOP
"707 W 171ST ST STE W, NEW YORK, NY 10032, USA",40.8445505,-73.94157299999999,ROOFTOP
"135 HAVEN AVE, NEW YORK, NY 10032, USA",40.8454966,-73.94228090000001,ROOFTOP
"513 W 179TH ST, NEW YORK, NY 10033, USA",40.8473165,-73.9326576,ROOFTOP
"4175 BROADWAY, NEW YORK, NY 10033, USA",40.8474451,-73.9383235,ROOFTOP
"154 WADSWORTH AVENUE, NEW YORK, NY 10033, USA",40.8496331,-73.93530470000002,ROOFTOP
"617 W 181ST ST, NEW YORK, NY 10033, USA",40.8497689,-73.93446089999999,ROOFTOP
"435 FORT WASHINGTON AVE, NEW YORK, NY 10033, USA",40.8498234,-73.9390928,ROOFTOP
"4260 BROADWAY, NEW YORK, NY 10033, USA",40.85046,-73.93527980000002,ROOFTOP
"340 HAVEN AVE APT 2C, NEW YORK, NY 10033, USA",40.8510315,-73.9416561,ROOFTOP
"616 W 184TH ST, NEW YORK, NY 10033, USA",40.8513777,-73.9335251,ROOFTOP
"629 W 185TH ST BSMT, NEW YORK, NY 10033, USA",40.8522206,-73.9327516,ROOFTOP
"629 W 185TH ST, NEW YORK, NY 10033, USA",40.8522206,-73.9327516,ROOFTOP
"440 AUDUBON AVE, NEW YORK, NY 10040, USA",40.8526825,-73.9296557,ROOFTOP
"205 PINEHURST AVE, NEW YORK, NY 10032, USA",40.8548189,-73.9377359,ROOFTOP
"4446 BROADWAY, NEW YORK, NY 10040, USA",40.8561886,-73.93244469999999,ROOFTOP
"802 W 190TH ST APT 5A, NEW YORK, NY 10040, USA",40.8567906,-73.9351111,ROOFTOP
"4470 BROADWAY FRNT, NEW YORK, NY 10040, USA",40.8571165,-73.9320326,ROOFTOP
"4600 BROADWAY, NEW YORK, NY 10040, USA",40.860903,-73.9300296,ROOFTOP
"26 SHERMAN AVE, NEW YORK, NY 10040, USA",40.8628736,-73.9283675,ROOFTOP
"4738 BROADWAY, NEW YORK, NY 10040, USA",40.8646021,-73.9287489,ROOFTOP
"610 ACADEMY ST, NEW YORK, NY 10034, USA",40.8647395,-73.9243256,ROOFTOP
"217 DYCKMAN ST, NEW YORK, NY 10040, USA",40.8654235,-73.92694159999999,ROOFTOP
"104 VERMILYEA AVE, NEW YORK, NY 10034, USA",40.8663082,-73.922225,ROOFTOP
"5030 BROADWAY STE 630, NEW YORK, NY 10034, USA",40.8688715,-73.9166929,ROOFTOP
"5030 BROADWAY, NEW YORK, NY 10034, USA",40.8689629,-73.91709519999999,ROOFTOP
"5049 BROADWAY, NEW YORK, NY 10034, USA",40.8700519,-73.91588999999999,ROOFTOP
"520 W 218TH ST APT 3B, NEW YORK, NY 10034, USA",40.87158770000001,-73.9156333,ROOFTOP
"5141 BROADWAY, NEW YORK, NY 10034, USA",40.8733663,-73.9131104,ROOFTOP
